year,station,DT00,DT32,DX32,DX70,DX90,EMNT,EMXT,FZF0,FZF5,FZF6,FZF7,TAVG,TMAX,TMIN,CDSD,CLDD,FZF1,HDSD,HTDD,FZF8,FZF2,FZF9,FZF3,FZF4,DP01,DP10,DP1X,EMXP,PRCP,DSND,DSNW,EMSD,EMSN,SNOW,DYTS
1763,GHCND:ITE00100554,0.0,36.0,12.0,102.0,0.0,-6.3,30.9,-0.5,-2.4,-2.4,-5.4,12.41,14.84,9.98,,,,,,,,,,,,,,,,,,,,,
1764,GHCND:ITE00100554,0.0,7.0,0.0,115.0,0.0,-1.9,30.1,,-0.8,,,12.97,15.34,10.6,480.5,480.5,,,,,,,,,,,,,,,,,,,
1765,GHCND:ITE00100554,0.0,29.0,3.0,112.0,0.0,-3.9,29.2,-1.3,-0.5,-3.5,,12.73,14.97,10.49,329.2,329.2,-2.4,2368.2,2368.2,,,,,,,,,,,,,,,,
1766,GHCND:ITE00100554,0.0,57.0,22.0,118.0,0.0,-7.3,30.1,-0.6,0.0,-4.5,-4.5,12.51,14.87,10.14,462.2,462.2,-2.9,2505.1,2505.1,-6.8,,,,,,,,,,,,,,,
1767,GHCND:ITE00100554,0.0,51.0,31.0,102.0,0.0,-13.2,30.1,-0.2,-0.6,-4.4,-4.4,11.7,14.27,9.14,,,-2.9,,,-8.7,-5.3,-9.0,,,,,,,,,,,,,
1768,GHCND:ITE00100554,0.0,61.0,17.0,106.0,0.0,-7.6,31.3,-0.3,0.0,-3.2,-4.7,12.22,14.59,9.85,464.7,464.7,-3.3,2652.9,2652.9,-7.6,,,,,,,,,,,,,,,
1769,GHCND:ITE00100554,0.0,14.0,2.0,122.0,0.0,-5.0,31.9,-0.1,-0.9,-2.5,-5.0,13.09,15.5,10.67,,,-2.4,2408.1,2408.1,,,,,,,,,,,,,,,,
1770,GHCND:ITE00100554,0.0,39.0,8.0,129.0,0.0,-4.7,30.8,0.0,-0.3,-2.2,-4.4,12.98,15.33,10.63,508.2,508.2,-2.9,,,,,,,,,,,,,,,,,,
1771,GHCND:ITE00100554,0.0,20.0,2.0,128.0,0.0,-5.4,31.7,-0.7,-2.4,-2.4,-5.4,13.18,15.57,10.78,561.2,561.2,,2278.2,2278.2,,,,,,,,,,,,,,,,
1772,GHCND:ITE00100554,0.0,13.0,2.0,114.0,2.0,-2.8,35.1,-0.4,-0.6,-2.7,,14.38,16.62,12.15,571.8,571.8,,2042.9,2042.9,,,,,,,,,,,,,,,,
1773,GHCND:ITE00100554,0.0,18.0,0.0,133.0,0.0,-3.8,29.7,-0.1,-1.3,-3.8,,12.9,15.25,10.54,373.9,373.9,,2279.0,2279.0,,,,,,,,,,,,,,,,
1774,GHCND:ITE00100554,0.0,49.0,,,,-9.0,,-1.4,-0.5,-3.1,-4.5,,,10.12,,,-3.9,2229.0,2229.0,,-5.4,,-9.0,-9.0,,,,,,,,,,,
1775,GHCND:ITE00100554,0.0,,,,,,,,,,,,,,549.3,549.3,,,,,,,,,,,,,,,,,,,
1777,GHCND:ITE00100554,0.0,,,,,,,,,,,,,,,,,,,,,,,,,,,,,,,,,,
1778,GHCND:ITE00100554,0.0,32.0,,,,-5.4,,0.0,,,,,,,,,,,,,,,,,,,,,,,,,,,
1787,GHCND:ITE00100554,0.0,36.0,6.0,,,,,,,,,,,,,,,,,,,,,,,,,,,,,,,,
1788,GHCND:ITE00100554,0.0,23.0,,,,,,,,,,,,,,,,,,,,,,,,,,,,,,,,,
1799,GHCND:ITE00100554,0.0,,,,,,,,,,,,,,,,,,,,,,,,,,,,,,,,,,
1806,GHCND:ITE00100554,0.0,20.0,3.0,117.0,,,,,,,,,,,439.2,439.2,,,,,,,,,,,,,,,,,,,
1780,GHCND:ITE00100554,,,10.0,,,,,,,,,,,,,,,,,,,,,,,,,,,,,,,,
1791,GHCND:ITE00100554,,,0.0,123.0,2.0,,32.9,,,,,,16.4,,,,,,,,,,,,,,,,,,,,,,
1776,GHCND:ITE00100554,,,,,,,,,,,,,,,487.7,,,,,,,,,,,,,,,,,,,,
1793,GHCND:ITE00100554,,,,,,,,,,,,,,,628.6,628.6,,,,,,,,,,,,,,,,,,,
1775,GHCND:EZE00100082,0.0,53.0,14.0,97.0,0.0,-16.0,31.3,0.0,-3.3,-3.3,-9.1,10.55,13.64,7.46,246.3,246.3,-2.7,,,-9.1,-4.6,-9.1,-7.0,-9.0,,,,,,,,,,,
1776,GHCND:EZE00100082,10.0,79.0,45.0,78.0,1.0,-22.7,32.4,-4.2,-0.4,-3.7,-13.3,8.53,11.72,5.34,114.6,114.6,-4.2,3481.8,3481.8,-13.3,-4.7,-13.3,-8.5,-10.8,,,,,,,,,,,
1777,GHCND:EZE00100082,0.0,84.0,38.0,58.0,0.0,-12.4,29.3,-1.3,-0.2,-2.3,-5.2,8.67,11.76,5.58,62.6,62.6,-4.4,3628.0,3628.0,-7.9,-4.4,-9.2,-12.4,-12.4,,,,,,,,,,,
1778,GHCND:EZE00100082,0.0,76.0,9.0,70.0,0.0,-9.9,31.4,-0.4,-0.8,-2.7,-6.8,9.91,13.17,6.65,188.4,188.4,-2.6,3330.2,3330.2,-6.8,,-9.9,,,,,,,,,,,,,
1779,GHCND:EZE00100082,0.0,75.0,22.0,86.0,0.0,-13.0,29.3,-0.3,-0.2,-2.6,-4.7,10.23,13.64,6.82,109.5,109.5,-2.2,3216.0,3216.0,-8.0,-8.6,-11.8,-8.6,-10.2,,,,,,,,,,,
1780,GHCND:EZE00100082,0.0,94.0,44.0,65.0,0.0,-16.2,28.0,-0.9,0.0,-2.2,-4.6,8.64,11.93,5.34,94.5,94.5,-2.7,3344.6,3344.6,-9.1,-5.5,-9.1,-8.7,-10.4,,,,,,,,,,,
1781,GHCND:EZE00100082,0.0,75.0,34.0,109.0,3.0,-12.7,34.4,-0.2,-1.0,-3.3,-7.0,10.08,13.22,6.95,310.3,310.3,-3.0,3356.6,3356.6,-7.0,-7.8,-10.5,-7.8,-9.3,,,,,,,,,,,
1782,GHCND:EZE00100082,2.0,95.0,51.0,83.0,3.0,-18.8,35.6,-0.1,0.0,-3.8,-7.0,8.84,11.91,5.77,211.7,211.7,-2.5,3494.6,3494.6,-7.0,-4.5,-10.1,-7.1,-9.2,,,,,,,,,,,
1783,GHCND:EZE00100082,2.0,82.0,38.0,97.0,1.0,-21.5,32.5,-3.0,-0.1,-3.1,-6.7,9.98,13.12,6.84,190.8,190.8,-3.0,3359.6,3359.6,-6.7,-4.4,-11.0,-7.1,-9.8,,,,,,,,,,,
1784,GHCND:EZE00100082,9.0,111.0,58.0,92.0,0.0,-25.5,30.9,-1.0,-0.5,-3.9,-6.6,8.16,11.46,4.87,196.4,196.4,-2.7,3906.3,3906.3,-8.4,-4.7,-10.2,-8.0,-9.8,,,,,,,,,,,
1785,GHCND:EZE00100082,4.0,118.0,61.0,77.0,0.0,-25.2,30.9,-0.9,-1.2,-3.0,-7.0,7.77,11.19,4.34,142.2,142.2,-3.1,3935.3,3935.3,-7.0,-5.8,-10.4,-6.9,-9.2,,,,,,,,,,,
1786,GHCND:EZE00100082,3.0,111.0,53.0,36.0,0.0,-21.1,26.5,-2.8,-0.9,-2.5,-7.1,7.36,10.47,4.25,30.9,30.9,-2.8,3534.7,3534.7,-7.1,-5.3,-9.5,-6.7,-10.8,,,,,,,,,,,
1787,GHCND:EZE00100082,0.0,72.0,30.0,92.0,1.0,-10.8,32.2,-0.6,-1.1,-3.5,-6.7,10.04,13.01,7.07,235.0,235.0,-3.5,4008.8,4008.8,-6.7,-6.4,-10.5,,,,,,,,,,,,,
1788,GHCND:EZE00100082,6.0,82.0,45.0,95.0,2.0,-23.8,33.4,-0.6,-0.3,-2.3,-7.9,9.47,12.51,6.44,261.2,261.2,-3.6,2944.4,2944.4,-7.9,-6.2,,-7.2,-10.0,,,,,,,,,,,
1789,GHCND:EZE00100082,7.0,70.0,23.0,105.0,0.0,-27.2,31.7,-1.3,-0.2,-3.2,-8.8,10.16,13.23,7.08,223.1,223.1,-5.2,3705.6,3705.6,-8.8,-5.2,-10.9,,,,,,,,,,,,,
1790,GHCND:EZE00100082,0.0,49.0,8.0,75.0,1.0,-6.2,32.2,0.0,-0.4,-2.2,-4.4,10.17,13.26,7.09,151.6,151.6,-3.0,2897.9,2897.9,,-5.5,,,,,,,,,,,,,,
1791,GHCND:EZE00100082,0.0,45.0,6.0,97.0,3.0,-6.6,33.0,-0.4,-2.8,-2.8,-4.4,11.04,14.05,8.02,251.2,251.2,-5.5,2954.5,2954.5,,-5.5,,,,,,,,,,,,,,
1792,GHCND:EZE00100082,0.0,74.0,26.0,96.0,2.0,-17.6,33.3,-0.1,-0.6,-2.2,-7.8,10.34,13.63,7.05,223.4,223.4,-2.5,3163.0,3163.0,-7.8,-4.7,-9.2,-7.6,,,,,,,,,,,,
1793,GHCND:EZE00100082,2.0,43.0,17.0,82.0,4.0,-21.6,37.0,-0.3,-0.2,-6.5,-6.5,10.58,13.6,7.55,235.8,235.8,-3.4,3262.8,3262.8,-6.8,-5.0,-14.4,-7.6,,,,,,,,,,,,
1794,GHCND:EZE00100082,0.0,37.0,11.0,92.0,2.0,-9.9,32.5,-1.2,-0.6,-2.3,-5.2,11.53,14.56,8.49,241.2,241.2,-3.8,2481.8,2481.8,,-6.4,,-7.6,-9.1,,,,,,,,,,,
1795,GHCND:EZE00100082,4.0,72.0,30.0,92.0,0.0,-22.6,31.1,-1.4,-0.1,-5.2,-5.2,10.01,13.29,6.74,165.1,165.1,-2.8,3374.9,3374.9,-7.5,,-15.3,,,,,,,,,,,,,
1796,GHCND:EZE00100082,0.0,69.0,17.0,98.0,0.0,-15.7,31.0,-0.7,-0.1,-3.8,-5.4,10.15,13.38,6.91,168.0,168.0,-2.4,2969.4,2969.4,-8.4,-6.5,-12.3,-8.6,-10.6,,,,,,,,,,,
1797,GHCND:EZE00100082,0.0,60.0,10.0,108.0,0.0,-6.4,31.9,-3.6,-2.1,-6.4,-6.4,11.08,14.38,7.78,263.1,263.1,-3.6,2998.8,2998.8,,-4.7,,,,,,,,,,,,,,
1798,GHCND:EZE00100082,4.0,79.0,28.0,117.0,0.0,-22.1,31.5,-0.4,-1.5,-4.7,-4.7,10.67,13.98,7.36,372.9,372.9,-3.9,2921.8,2921.8,-7.6,-8.7,,-8.7,-13.4,,,,,,,,,,,
1799,GHCND:EZE00100082,16.0,103.0,61.0,66.0,0.0,-24.8,31.8,-0.4,-0.2,-3.8,-6.1,7.71,10.97,4.45,138.3,138.3,-2.2,3908.3,3908.3,-10.8,-4.9,-10.8,-10.7,-10.7,,,,,,,,,,,
1800,GHCND:EZE00100082,0.0,86.0,38.0,93.0,1.0,-13.5,32.3,-1.1,-2.3,-2.3,-7.8,9.95,12.9,6.99,186.4,186.4,-3.5,3495.1,3495.1,-7.8,-5.6,-11.0,-8.3,,,,,,,,,,,,
1801,GHCND:EZE00100082,0.0,56.0,14.0,100.0,1.0,-13.2,33.7,-0.4,-2.5,-2.5,-6.5,10.93,13.98,7.89,179.8,179.8,-3.0,3021.7,3021.7,-9.9,-4.7,-9.9,-10.6,-10.6,,,,,,,,,,,
1802,GHCND:EZE00100082,0.0,67.0,22.0,90.0,7.0,-17.5,34.7,-0.7,-0.5,-3.6,-7.1,10.18,13.6,6.76,224.5,224.5,-3.5,3137.3,3137.3,-7.1,,-17.2,,,,,,,,,,,,,
1803,GHCND:EZE00100082,0.0,85.0,46.0,78.0,0.0,-16.1,31.9,-2.6,-0.6,-6.8,-6.8,9.28,12.42,6.13,162.7,162.7,-2.6,3223.0,3223.0,-6.8,-5.2,-11.5,-9.0,-9.0,,,,,,,,,,,
1804,GHCND:EZE00100082,1.0,95.0,40.0,96.0,0.0,-18.4,31.5,-0.2,-0.6,-7.6,-7.6,9.65,12.77,6.54,217.6,217.6,-5.2,3267.2,3267.2,-7.6,-5.2,-9.4,-8.1,-10.9,,,,,,,,,,,
1805,GHCND:EZE00100082,2.0,113.0,38.0,70.0,0.0,-20.8,29.1,-1.0,-0.7,-4.3,-4.5,,,,82.9,82.9,-2.2,3815.3,3815.3,-9.1,-4.5,-9.1,-6.7,-9.0,136.0,51.0,0.0,21.5,,,,,,,
1806,GHCND:EZE00100082,0.0,36.0,2.0,94.0,0.0,-7.1,29.0,-0.1,0.0,-2.2,-7.1,10.97,14.14,7.79,165.2,165.2,,3245.9,3245.9,-7.1,,,,,,,,,,,,,,,
1807,GHCND:EZE00100082,0.0,78.0,10.0,106.0,9.0,-6.8,34.2,-0.4,0.0,-2.5,-5.8,10.71,14.01,,360.5,360.5,-2.5,3016.1,3016.1,-6.8,-5.2,,,,121.0,51.0,3.0,39.8,534.1,,,,,,
1808,GHCND:EZE00100082,4.0,118.0,40.0,114.0,3.0,-19.6,34.1,-0.3,-0.1,-3.7,-6.4,,,,261.9,261.9,-2.5,3340.1,3340.1,-7.5,-4.4,-9.1,-8.7,-11.0,122.0,42.0,3.0,45.1,,,,,,,
1809,GHCND:EZE00100082,1.0,69.0,19.0,101.0,0.0,-19.4,31.2,-1.7,-0.2,-3.1,-4.6,9.82,13.04,,225.1,225.1,-3.8,3539.9,3539.9,-8.7,,-9.9,,,133.0,39.0,1.0,32.7,402.9,,,,,,
1810,GHCND:EZE00100082,0.0,80.0,36.0,99.0,0.0,-17.6,30.1,-1.6,-0.2,-2.6,-9.0,,,,183.6,183.6,-2.6,3479.0,3479.0,-9.0,-4.4,-9.0,-7.8,,126.0,58.0,2.0,29.0,461.9,,,,,,
1811,GHCND:EZE00100082,2.0,74.0,33.0,117.0,3.0,-21.4,33.3,-2.1,-0.2,-3.1,-5.3,11.06,,,400.8,400.8,-3.4,3123.5,3123.5,-7.1,-6.5,-12.0,,,115.0,45.0,3.0,29.7,486.9,,,,,,
1812,GHCND:EZE00100082,1.0,113.0,57.0,80.0,0.0,-18.4,29.8,-0.9,-0.2,-4.0,-4.7,,,,117.8,117.8,-5.5,3283.8,3283.8,-9.5,-5.5,-9.5,-7.7,-12.3,160.0,69.0,1.0,30.3,,,,,,,
1813,GHCND:EZE00100082,0.0,74.0,36.0,71.0,0.0,-13.5,27.8,-1.3,-0.8,-3.8,-4.7,,,,81.9,81.9,-2.7,3454.6,3454.6,-7.7,-4.6,-8.9,-6.7,,134.0,51.0,0.0,19.4,456.9,,,,,,
1814,GHCND:EZE00100082,2.0,85.0,45.0,65.0,0.0,-18.1,29.5,-0.1,-2.2,-2.2,-6.1,,,,98.2,98.2,-5.1,3802.5,3802.5,-9.1,-5.1,-9.1,-8.0,,117.0,54.0,1.0,36.6,498.4,,,,,,
1815,GHCND:EZE00100082,0.0,75.0,32.0,68.0,0.0,-14.4,29.4,-0.4,-0.5,-2.3,-5.4,,,,64.3,64.3,-3.3,3185.5,3185.5,-14.4,-4.7,-14.4,-8.0,-11.7,154.0,50.0,4.0,53.1,,,,,,,
1816,GHCND:EZE00100082,0.0,75.0,26.0,58.0,0.0,-14.0,27.2,-0.6,0.0,-2.8,-5.1,,,,53.3,53.3,-2.4,3524.3,3524.3,-7.3,-4.6,-14.0,-8.1,,173.0,58.0,0.0,23.9,496.6,,,,,,
1817,GHCND:EZE00100082,0.0,38.0,9.0,81.0,0.0,-8.1,28.7,0.0,-0.3,-2.8,-6.9,9.75,,,113.8,113.8,-4.0,3402.0,3402.0,-6.9,-5.2,,-8.1,,166.0,59.0,2.0,31.3,547.9,,,,,,
1818,GHCND:EZE00100082,0.0,68.0,21.0,73.0,0.0,-10.9,29.9,-0.3,-2.0,-4.7,-4.7,,,,113.6,113.6,-2.9,3117.6,3117.6,-6.8,-4.6,,-8.1,-9.2,135.0,42.0,2.0,29.0,438.4,,,,,,
1819,GHCND:EZE00100082,0.0,55.0,18.0,100.0,2.0,-9.7,33.5,-1.3,-0.4,-3.4,-5.6,10.22,,,172.2,172.2,-2.8,3146.5,3146.5,,-6.5,,-9.5,-9.5,159.0,52.0,0.0,24.7,521.8,,,,,,
1820,GHCND:EZE00100082,2.0,83.0,37.0,71.0,0.0,-24.0,30.4,-0.7,-2.4,-2.4,-4.5,,,,151.8,151.8,-3.0,3478.3,3478.3,-13.9,-5.0,-13.9,-7.7,-9.4,148.0,45.0,2.0,38.3,,,,,,,
1821,GHCND:EZE00100082,0.0,66.0,20.0,60.0,0.0,-13.0,26.4,-1.4,-1.1,-11.1,-11.1,9.73,12.69,,49.5,49.5,-3.0,3429.8,3429.8,-11.1,,-11.1,,,161.0,55.0,2.0,27.7,498.4,,,,,,
1823,GHCND:EZE00100082,5.0,67.0,35.0,82.0,0.0,-23.1,30.4,-1.0,-0.4,-2.3,-5.0,,,,151.7,151.7,-5.9,3441.8,3441.8,-8.1,-5.9,-12.0,-8.9,-8.9,148.0,46.0,0.0,19.1,,,,,,,
1824,GHCND:EZE00100082,0.0,41.0,11.0,89.0,0.0,-8.2,29.7,0.0,-0.2,-3.7,-4.5,10.41,13.44,7.39,121.1,121.1,,3172.9,3172.9,-7.7,,,,,171.0,49.0,1.0,38.0,514.9,,,,,,
1825,GHCND:EZE00100082,0.0,51.0,13.0,90.0,0.0,-9.0,30.5,-0.1,-0.4,-3.9,-6.7,10.31,13.52,7.11,143.1,143.1,,2977.1,2977.1,-6.7,,-9.0,,,156.0,32.0,2.0,30.0,353.3,,,,,,
1826,GHCND:EZE00100082,1.0,71.0,38.0,99.0,1.0,-17.8,32.2,-1.9,-1.5,-2.3,-9.2,9.75,12.8,6.7,309.1,309.1,,3307.2,3307.2,-9.2,,-9.2,,,110.0,43.0,0.0,17.8,310.0,,,,,,
1827,GHCND:EZE00100082,5.0,78.0,47.0,106.0,1.0,-22.1,33.6,-0.1,-1.8,-13.5,-13.5,,,,241.8,241.8,-2.7,3238.9,3238.9,-13.5,-5.2,-13.5,-8.8,-10.5,117.0,60.0,2.0,26.6,,,,,,,
1828,GHCND:EZE00100082,0.0,57.0,27.0,88.0,2.0,-15.7,33.6,-1.9,-4.9,-4.9,-4.9,,,,150.8,150.8,-3.0,3260.9,3260.9,-7.8,-6.5,-10.9,-8.9,-8.9,146.0,68.0,3.0,33.8,,,,,,,
1829,GHCND:EZE00100082,8.0,134.0,73.0,66.0,1.0,-24.3,32.5,0.0,-0.4,-3.5,-4.6,,,,130.3,130.3,-3.6,3638.1,3638.1,-7.0,-4.5,-9.6,-6.9,-11.1,127.0,59.0,4.0,69.8,,,,,,,
1830,GHCND:EZE00100082,10.0,78.0,39.0,85.0,3.0,-27.5,35.7,-1.1,-0.4,-3.7,-5.8,,,,204.4,204.4,-3.4,3931.1,3931.1,-8.1,-8.6,-9.5,-8.6,,114.0,50.0,3.0,48.9,494.3,,,,,,
1831,GHCND:EZE00100082,3.0,61.0,33.0,88.0,0.0,-21.0,29.6,-7.0,-0.6,-4.9,-4.9,,,,134.1,134.1,-7.0,3348.2,3348.2,-7.6,-7.0,-11.3,-7.0,-9.9,135.0,72.0,3.0,38.1,,,,,,,
1832,GHCND:EZE00100082,0.0,88.0,26.0,83.0,1.0,-11.0,34.8,-1.1,-0.2,-2.8,-4.6,,,,133.2,133.2,-3.4,,,,-6.5,,-7.4,,98.0,45.0,0.0,22.4,,,,,,,
1833,GHCND:EZE00100082,,,,,,,,,,,,,,,130.9,130.9,,,,,,,,,117.0,67.0,2.0,,,,,,,,
1834,GHCND:EZE00100082,,,,,,,,,,,,,,,431.7,431.7,,,,,,,,,94.0,43.0,0.0,,,,,,,,
1835,GHCND:EZE00100082,,,,,,,,,,,,,,,202.9,202.9,,,,,,,,,90.0,,,,,,,,,,
1836,GHCND:EZE00100082,,,,,,,,,,,,,,,117.2,,,,,,,,,,,,,,,,,,,,
1837,GHCND:EZE00100082,,,,,,,,,,,,,,,134.2,134.2,,,,,,,,,131.0,72.0,3.0,,,,,,,,
1781,GHCND:GM000010962,,,,,,,,,,,,,,,,,,,,,,,,,170.0,,,,,,,,,,
1782,GHCND:GM000010962,,,,,,,,,,,,,,,,,,,,,,,,,159.0,,,,,,,,,,
1783,GHCND:GM000010962,,,,,,,,,,,,,,,,,,,,,,,,,173.0,,,,,,,,,,
1784,GHCND:GM000010962,,,,,,,,,,,,,,,,,,,,,,,,,142.0,,,,,,,,,,
1785,GHCND:GM000010962,,,,,,,,,,,,,,,,,,,,,,,,,162.0,,,,,,,,,,
1786,GHCND:GM000010962,,,,,,,,,,,,,,,,,,,,,,,,,182.0,,,,,,,,,,
1789,GHCND:GM000010962,,,,,,,,,,,,,,,,,,,,,,,,,175.0,64.0,4.0,,,,,,,,
1790,GHCND:GM000010962,,,,,,,,,,,,,,,,,,,,,,,,,171.0,65.0,0.0,23.0,565.8,,,,,,
1792,GHCND:GM000010962,,,,,,,,,,,,,,,,,,,,,,,,,173.0,77.0,,,,,,,,,
1794,GHCND:GM000010962,,,,,,,,,,,,,,,,,,,,,,,,,152.0,82.0,1.0,,,,,,,,
1795,GHCND:GM000010962,,,,,,,,,,,,,,,,,,,,,,,,,159.0,56.0,3.0,30.4,,,,,,,
1796,GHCND:GM000010962,,,,,,,,,,,,,,,,,,,,,,,,,141.0,,,,,,,,,,
1797,GHCND:GM000010962,,,,,,,,,,,,,,,,,,,,,,,,,123.0,68.0,2.0,29.2,582.2,,,,,,
1798,GHCND:GM000010962,,,,,,,,,,,,,,,,,,,,,,,,,149.0,70.0,,,,,,,,,
1800,GHCND:GM000010962,,,,,,,,,,,,,,,,,,,,,,,,,133.0,69.0,,,,,,,,,
1801,GHCND:GM000010962,,,,,,,,,,,,,,,,,,,,,,,,,166.0,,,,,,,,,,
1802,GHCND:GM000010962,,,,,,,,,,,,,,,,,,,,,,,,,125.0,56.0,1.0,28.0,,,,,,,
1803,GHCND:GM000010962,,,,,,,,,,,,,,,,,,,,,,,,,162.0,,,,,,,,,,
1804,GHCND:GM000010962,,,,,,,,,,,,,,,,,,,,,,,,,167.0,,,,,,,,,,
1824,GHCND:GM000004204,,,,,,,,,,,,,,,43.9,,,,,,,,,,,,,,,,,,,,
1832,GHCND:ASN00066046,,,,,,,,,,,,,,,,,,,,,,,,,31.0,31.0,12.0,198.1,923.7,,,,,,
1833,GHCND:BE000006447,0.0,65.0,11.0,83.0,0.0,-10.3,28.2,-1.1,-0.4,-2.4,-6.0,9.6,14.13,5.07,17.1,17.1,-2.3,,,-7.8,-4.8,-9.8,,,,,,,,,,,,,
1834,GHCND:BE000006447,0.0,40.0,0.0,117.0,1.0,-4.8,32.9,-0.9,-0.3,-3.9,-4.4,11.43,15.72,7.13,161.1,161.1,-3.4,2892.8,2892.8,,-4.8,,,,,,,,,,,,,,
1835,GHCND:BE000006447,0.0,61.0,2.0,78.0,0.0,-11.3,29.8,-0.4,-0.5,-3.1,-5.8,9.87,14.14,5.61,63.4,63.4,-2.4,2738.8,2738.8,,-5.3,,-9.2,-9.2,,,,,,,,,,,
1836,GHCND:BE000006447,0.0,48.0,8.0,62.0,0.0,-12.2,29.9,-1.3,-0.3,-2.8,-5.3,9.94,13.96,5.91,41.2,41.2,-4.0,3066.0,3066.0,-6.9,-5.6,-12.2,-7.2,-8.9,,,,,,,,,,,
1837,GHCND:BE000006447,0.0,74.0,2.0,80.0,0.0,-7.1,29.8,-0.9,-1.7,-3.2,-5.0,9.24,13.27,5.2,63.3,63.3,-2.3,3242.3,3242.3,-6.8,,,,,,,,,,,,,,,
1838,GHCND:BE000006447,4.0,81.0,32.0,67.0,0.0,-19.6,30.7,-0.6,-0.6,-2.2,-4.4,,,,47.0,47.0,-6.2,3381.1,3381.1,-7.0,-6.2,-11.9,-6.9,,,,,,,,,,,,
1839,GHCND:BE000006447,0.0,65.0,3.0,82.0,1.0,-11.5,32.4,-1.0,-1.3,-3.0,-4.6,9.87,13.97,,56.4,56.4,-2.6,3258.1,3258.1,-7.8,,-11.5,,,,,,,,,,,,,
1840,GHCND:BE000006447,0.0,74.0,24.0,61.0,0.0,-13.8,27.4,-1.8,-1.2,-2.4,-4.7,,,,19.0,19.0,-2.4,3023.3,,-6.9,-6.0,-10.2,-11.2,-11.2,,,,,,,,,,,
1841,GHCND:BE000006447,0.0,53.0,17.0,71.0,0.0,-12.4,28.5,-1.7,-2.2,-2.2,-6.8,9.81,,,36.7,36.7,-2.8,3214.7,3214.7,-6.8,-5.3,-12.4,,,,,,,,,,,,,
1842,GHCND:BE000006447,0.0,73.0,15.0,96.0,1.0,-13.5,32.6,-0.6,-3.3,-3.3,-6.0,9.51,,,98.3,98.3,-6.0,3154.6,3154.6,-8.5,-6.0,-13.5,,,,,,,,,,,,,
1843,GHCND:BE000006447,0.0,76.0,1.0,63.0,1.0,-6.6,32.6,-0.6,-1.8,-3.6,-6.6,,,,31.7,31.7,-2.2,3170.1,,,,,,,,,,,,,,,,,
1845,GHCND:BE000006447,0.0,76.0,18.0,,,,,,,,,,,,29.3,29.3,,,,,,,,,,,,,,,,,,,
1847,GHCND:BE000006447,0.0,78.0,29.0,70.0,0.0,-11.2,31.9,-0.1,-0.8,-8.9,-8.9,8.97,13.13,,83.4,83.4,-4.4,,,-8.9,-4.4,-8.9,-6.9,,,,,,,,,,,,
1850,GHCND:BE000006447,0.0,70.0,16.0,69.0,0.0,-14.3,30.4,-0.6,-0.2,-2.9,-4.4,9.18,13.33,5.05,31.2,31.2,-2.6,,,-7.1,,-9.5,,,,,,,,,,,,,
1851,GHCND:BE000006447,0.0,56.0,1.0,64.0,0.0,-5.8,29.3,-0.2,-0.7,-2.3,-4.4,9.61,13.53,5.69,38.1,38.1,-4.0,3180.1,3180.1,,-5.8,,,,,,,,,,,,,,
1852,GHCND:BE000006447,0.0,53.0,0.0,87.0,2.0,-4.4,32.8,-1.5,-0.8,-3.1,-4.4,10.67,14.8,6.54,123.0,123.0,,3204.3,3204.3,,,,,,,,,,,,,,,,
1853,GHCND:BE000006447,0.0,92.0,24.0,77.0,0.0,-16.7,30.6,-0.6,0.0,,,,,,40.9,40.9,-3.3,,,,-4.6,,-7.0,-11.9,,,,,,,,,,,
1854,GHCND:BE000006447,0.0,54.0,4.0,58.0,0.0,-7.2,30.2,-0.7,-1.3,-2.4,-7.2,9.73,13.77,5.69,39.9,39.9,-2.4,3212.0,3212.0,-7.2,,,,,,,,,,,,,,,
1846,GHCND:BE000006447,0.0,53.0,14.0,97.0,4.0,-13.2,34.2,-0.3,-0.7,-5.8,-5.8,,,,,,-2.3,,,,-4.4,,-13.2,-13.2,,,,,,,,,,,
1848,GHCND:BE000006447,0.0,47.0,16.0,76.0,0.0,-14.6,30.1,-0.3,-0.1,-3.5,-8.5,9.92,14.03,,,,-2.6,3116.9,3116.9,-8.5,-7.4,-14.6,-7.4,,,,,,,,,,,,
1849,GHCND:BE000006447,0.0,58.0,9.0,74.0,1.0,-10.5,32.6,-0.5,-0.9,-3.3,-5.5,9.71,13.93,5.49,,,-2.4,,,-7.5,-6.9,-9.5,-6.9,,,,,,,,,,,,
1855,GHCND:BE000006447,0.0,88.0,33.0,74.0,0.0,-17.4,28.1,-0.4,-1.0,-2.4,-9.7,8.18,,,,,-2.3,3511.8,3511.8,-9.7,-4.4,-9.7,-8.9,-8.9,,,,,,,,,,,
1838,GHCND:ASN00094052,,,,,,,,,,,,,,,,,,,,,,,,,110.0,95.0,11.0,66.0,1071.5,,,,,,
1839,GHCND:ASN00023000,,,,,,,,,,,,,,,,,,,,,,,,,102.0,55.0,1.0,29.0,505.3,,,,,,
1840,GHCND:ASN00023000,,,,,,,,,,,,,,,,,,,,,,,,,98.0,63.0,3.0,48.0,616.1,,,,,,
1841,GHCND:ASN00023000,,,,,,,,,,,,,,,,,,,,,,,,,93.0,56.0,1.0,33.0,456.7,,,,,,
1842,GHCND:ASN00023000,,,,,,,,,,,,,,,,,,,,,,,,,121.0,67.0,0.0,19.8,516.4,,,,,,
1843,GHCND:ASN00023000,,,,,,,,,,,,,,,,,,,,,,,,,102.0,54.0,2.0,43.2,434.7,,,,,,
1845,GHCND:ASN00023000,,,,,,,,,,,,,,,,,,,,,,,,,118.0,63.0,0.0,19.1,478.5,,,,,,
1846,GHCND:ASN00023000,,,,,,,,,,,,,,,,,,,,,,,,,114.0,78.0,3.0,31.8,649.9,,,,,,
1847,GHCND:ASN00023000,,,,,,,,,,,,,,,,,,,,,,,,,101.0,71.0,4.0,34.3,700.0,,,,,,
1848,GHCND:ASN00023000,,,,,,,,,,,,,,,,,,,,,,,,,114.0,62.0,1.0,25.4,501.8,,,,,,
1849,GHCND:ASN00023000,,,,,,,,,,,,,,,,,,,,,,,,,109.0,79.0,1.0,36.8,647.0,,,,,,
1850,GHCND:ASN00023000,,,,,,,,,,,,,,,,,,,,,,,,,82.0,50.0,3.0,42.7,495.0,,,,,,
1851,GHCND:ASN00023000,,,,,,,,,,,,,,,,,,,,,,,,,128.0,84.0,4.0,56.6,786.4,,,,,,
1853,GHCND:ASN00023000,,,,,,,,,,,,,,,,,,,,,,,,,125.0,74.0,4.0,69.9,689.5,,,,,,
1854,GHCND:ASN00023000,,,,,,,,,,,,,,,,,,,,,,,,,98.0,47.0,0.0,24.4,390.4,,,,,,
1855,GHCND:ASN00023000,,,,,,,,,,,,,,,,,,,,,,,,,119.0,66.0,2.0,32.5,588.5,,,,,,
1856,GHCND:ASN00023000,,,,,,,,,,,,,,,,,,,,,,,,,114.0,73.0,3.0,37.1,634.2,,,,,,
1857,GHCND:ASN00023000,,,,,,,,,,,,,,,,,,,,,,,,,106.0,65.0,1.0,28.7,564.8,,,,,,
1858,GHCND:ASN00023000,,,,,,,,,,,,,,,,,,,,,,,,,104.0,49.0,2.0,47.8,547.6,,,,,,
1859,GHCND:ASN00023000,,,,,,,,,,,,,,,,,,,,,,,,,94.0,46.0,0.0,20.6,378.0,,,,,,
1860,GHCND:ASN00023000,,,,,,,,,,,,,,,,,,,,,,,,,111.0,50.0,2.0,80.0,500.9,,,,,,
1861,GHCND:ASN00023000,,,,,,,,,,,,,,,,,,,,,,,,,147.0,69.0,3.0,33.5,601.0,,,,,,
1862,GHCND:ASN00023000,,,,,,,,,,,,,,,,,,,,,,,,,113.0,62.0,0.0,22.6,555.8,,,,,,
1863,GHCND:ASN00023000,,,,,,,,,,,,,,,,,,,,,,,,,130.0,72.0,0.0,20.6,604.1,,,,,,
1864,GHCND:ASN00023000,,,,,,,,,,,,,,,,,,,,,,,,,121.0,52.0,1.0,38.1,504.0,,,,,,
1865,GHCND:ASN00023000,,,,,,,,,,,,,,,,,,,,,,,,,104.0,47.0,1.0,44.5,394.5,,,,,,
1866,GHCND:ASN00023000,,,,,,,,,,,,,,,,,,,,,,,,,121.0,59.0,0.0,23.9,512.4,,,,,,
1867,GHCND:ASN00023000,,,,,,,,,,,,,,,,,,,,,,,,,116.0,55.0,2.0,29.5,488.5,,,,,,
1868,GHCND:ASN00023000,,,,,,,,,,,,,,,,,,,,,,,,,104.0,59.0,0.0,24.6,507.7,,,,,,
1869,GHCND:ASN00023000,,,,,,,,,,,,,,,,,,,,,,,,,115.0,45.0,0.0,24.9,376.7,,,,,,
1870,GHCND:ASN00023000,,,,,,,,,,,,,,,,,,,,,,,,,125.0,61.0,2.0,57.2,605.9,,,,,,
1871,GHCND:ASN00023000,,,,,,,,,,,,,,,,,,,,,,,,,125.0,59.0,1.0,26.9,591.7,,,,,,
1872,GHCND:ASN00023000,,,,,,,,,,,,,,,,,,,,,,,,,136.0,68.0,2.0,26.2,577.2,,,,,,
1873,GHCND:ASN00023000,,,,,,,,,,,,,,,,,,,,,,,,,132.0,61.0,2.0,27.4,535.6,,,,,,
1874,GHCND:ASN00023000,,,,,,,,,,,,,,,,,,,,,,,,,122.0,54.0,0.0,19.8,438.0,,,,,,
1875,GHCND:ASN00023000,,,,,,,,,,,,,,,,,,,,,,,,,147.0,71.0,5.0,62.7,742.9,,,,,,
1876,GHCND:ASN00023000,,,,,,,,,,,,,,,,,,,,,,,,,104.0,42.0,1.0,26.4,342.5,,,,,,
1877,GHCND:ASN00023000,,,,,,,,,,,,,,,,,,,,,,,,,131.0,57.0,4.0,57.4,634.1,,,,,,
1843,GHCND:ASN00067058,,,,,,,,,,,,,,,,,,,,,,,,,60.0,60.0,14.0,101.6,1002.8,,,,,,
1845,GHCND:ASN00067058,,,,,,,,,,,,,,,,,,,,,,,,,66.0,66.0,7.0,86.4,787.0,,,,,,
1845,GHCND:ASN00060026,,,,,,,,,,,,,,,,,,,,,,,,,88.0,49.0,17.0,76.2,1147.2,,,,,,
1845,GHCND:ASN00066095,,,,,,,,,,,,,,,,,,,,,,,,,116.0,72.0,19.0,93.0,1574.2,,,,,,
1846,GHCND:ASN00068014,,,,,,,,,,,,,,,,,,,,,,,,,79.0,55.0,6.0,45.7,666.0,,,,,,
1849,GHCND:CA006158350,,,,,,,,,,,,,,,106.4,,,,,,,,,,,,,,,,,,,,
1850,GHCND:CA006158350,,,,,,,,,,,,,,,165.5,,,,,,,,,,,,,,,,,,,,
1852,GHCND:CA006158350,,,,,,,,,,,,,,,105.6,105.6,,,,,,,,,,,,,,,,,,,
1852,GHCND:AGE00135039,,,,,,,,,,,,,,,,,,,,,,,,,46.0,35.0,4.0,31.5,412.5,,,,,,
1853,GHCND:AGE00135039,,,,,,,,,,,,,,,,,,,,,,,,,64.0,52.0,7.0,48.0,712.7,,,,,,
1857,GHCND:AGE00135039,,,,,,,,,,,,,,,,,,,,,,,,,80.0,55.0,15.0,55.0,904.8,,,,,,
1858,GHCND:AGE00135039,,,,,,,,,,,,,,,,,,,,,,,,,57.0,41.0,1.0,32.2,351.8,,,,,,
1859,GHCND:AGE00135039,,,,,,,,,,,,,,,,,,,,,,,,,46.0,32.0,2.0,96.7,417.4,,,,,,
1863,GHCND:AGE00135039,,,,,,,,,,,,,,,,,,,,,,,,,61.0,40.0,6.0,62.3,554.9,,,,,,
1864,GHCND:AGE00135039,,,,,,,,,,,,,,,,,,,,,,,,,84.0,66.0,4.0,57.5,754.7,,,,,,
1865,GHCND:AGE00135039,,,,,,,,,,,,,,,,,,,,,,,,,67.0,47.0,5.0,78.0,653.4,,,,,,
1867,GHCND:AGE00135039,,,,,,,,,,,,,,,,,,,,,,,,,40.0,29.0,2.0,48.0,326.3,,,,,,
1882,GHCND:AGE00135039,,,,,,,,,,,,,,,,,,,,,,,,,41.0,26.0,2.0,29.6,268.0,,,,,,
1883,GHCND:AGE00135039,,,,,,,,,,,,,,,,,,,,,,,,,53.0,26.0,0.0,25.0,242.8,,,,,,
1884,GHCND:AGE00135039,0.0,0.0,0.0,165.0,3.0,2.0,37.0,,,,,17.11,21.55,12.67,600.1,600.1,,,,,,,,,72.0,50.0,4.0,41.0,552.9,,,,,,
1885,GHCND:AGE00135039,0.0,0.0,,,,3.4,,,,,,,,14.08,,,,,,,,,,,52.0,31.0,1.0,28.5,266.3,,,,,,
1886,GHCND:AGE00135039,,,,,,,,,,,,,,,,,,,,,,,,,47.0,37.0,3.0,42.4,372.9,,,,,,
1887,GHCND:AGE00135039,,,,,,,,,,,,,,,,,,,,,,,,,46.0,31.0,4.0,31.4,368.3,,,,,,
1888,GHCND:AGE00135039,,,,,,,,,,,,,,,,,,,,,,,,,63.0,45.0,4.0,56.7,461.3,,,,,,
1889,GHCND:AGE00135039,,,,,,,,,,,,,,,,,,,,,,,,,65.0,49.0,3.0,29.8,446.9,,,,,,
1890,GHCND:AGE00135039,,,,,,,,,,,,,,,,,,,,,,,,,60.0,48.0,3.0,55.0,538.6,,,,,,
1891,GHCND:AGE00135039,0.0,1.0,0.0,200.0,11.0,-0.5,36.4,,-0.5,,,17.74,21.9,13.58,726.7,726.7,,1069.0,1069.0,,,,,,47.0,39.0,1.0,28.8,398.4,,,,,,
1892,GHCND:AGE00135039,0.0,0.0,,,,3.0,,,,,,,,13.32,,,,,,,,,,,53.0,38.0,2.0,61.4,429.6,,,,,,
1893,GHCND:AGE00135039,,,,,,,,,,,,,,,,,,,,,,,,,35.0,25.0,0.0,19.8,236.1,,,,,,
1894,GHCND:AGE00135039,0.0,0.0,0.0,200.0,7.0,2.3,37.4,,,,,17.52,21.94,13.1,610.1,610.1,,920.9,920.9,,,,,,60.0,44.0,3.0,31.0,508.3,,,,,,
1895,GHCND:AGE00135039,,,,,,,,,,,,,,,,,,,,,,,,,54.0,40.0,1.0,25.6,368.9,,,,,,
1897,GHCND:AGE00135039,,,,,,,,,,,,,,,,,,,,,,,,,42.0,21.0,1.0,37.5,192.8,,,,,,
1898,GHCND:AGE00135039,,,,,,,,,,,,,,,,,,,,,,,,,56.0,37.0,4.0,50.0,510.4,,,,,,
1899,GHCND:AGE00135039,,,,,,,,,,,,,,,,,,,,,,,,,44.0,30.0,2.0,65.0,340.0,,,,,,
1900,GHCND:AGE00135039,0.0,0.0,0.0,192.0,5.0,1.0,35.0,,,,,18.11,22.26,13.97,688.5,688.5,,,,,,,,,65.0,37.0,5.0,61.0,506.5,,,,,,
1901,GHCND:AGE00135039,,,,,,,,,,,,,,,,,,,,,,,,,78.0,52.0,3.0,70.0,575.9,,,,,,
1903,GHCND:AGE00135039,,,,,,,,,,,,,,,,,,,,,,,,,46.0,31.0,1.0,30.5,305.3,,,,,,
1904,GHCND:AGE00135039,,,,,,,,,,,,,,,,,,,,,,,,,55.0,46.0,8.0,54.5,611.9,,,,,,
1905,GHCND:AGE00135039,0.0,0.0,,,,1.0,,,,,,,,13.05,,,,,,,,,,,38.0,29.0,3.0,35.0,332.3,,,,,,
1906,GHCND:AGE00135039,,,,,,,,,,,,,,,,,,,,,,,,,59.0,37.0,7.0,67.0,513.8,,,,,,
1907,GHCND:AGE00135039,,,,,,,,,,,,,,,,,,,,,,,,,52.0,31.0,5.0,47.0,416.8,,,,,,
1908,GHCND:AGE00135039,,,,,,,,,,,,,,,,,,,,,,,,,54.0,39.0,2.0,26.0,318.6,,,,,,
1909,GHCND:AGE00135039,,,,,,,,,,,,,,,,,,,,,,,,,59.0,30.0,0.0,16.8,216.1,,,,,,
1910,GHCND:AGE00135039,,,0.0,185.0,5.0,,35.0,,,,,,21.49,,,,,,,,,,,,50.0,30.0,0.0,21.3,262.1,,,,,,
1911,GHCND:AGE00135039,,,,,,,,,,,,,,,,,,,,,,,,,56.0,33.0,0.0,25.2,305.1,,,,,,
1912,GHCND:AGE00135039,,,,,,,,,,,,,,,,,,,,,,,,,51.0,30.0,2.0,51.2,279.2,,,,,,
1913,GHCND:AGE00135039,,,0.0,168.0,7.0,,36.0,,,,,,21.03,,,,,,,,,,,,43.0,25.0,0.0,18.9,201.7,,,,,,
1914,GHCND:AGE00135039,,,,,,,,,,,,,,,,,,921.5,921.5,,,,,,47.0,23.0,0.0,17.9,220.8,,,,,,
1915,GHCND:AGE00135039,,,,,,,,,,,,,,,,,,,,,,,,,67.0,42.0,1.0,42.6,432.2,,,,,,
1923,GHCND:AGE00135039,0.0,0.0,,,,2.0,,,,,,,,14.02,,,,,,,,,,,71.0,38.0,4.0,58.0,448.1,,,,,,
1927,GHCND:AGE00135039,,,,,,,,,,,,,,,,,,,,,,,,,62.0,37.0,7.0,55.0,550.9,,,,,,
1928,GHCND:AGE00135039,,,0.0,168.0,8.0,,40.0,,,,,,21.6,,,,,,,,,,,,73.0,37.0,3.0,44.0,435.1,,,,,,
1929,GHCND:AGE00135039,,,,,,,,,,,,,,,,,,,,,,,,,66.0,33.0,3.0,57.0,423.0,,,,,,
1930,GHCND:AGE00135039,,,,,,,,,,,,,,,,,,,,,,,,,67.0,39.0,4.0,69.0,514.6,,,,,,
1931,GHCND:AGE00135039,,,,,,,,,,,,,,,,,,,,,,,,,53.0,33.0,2.0,43.0,414.2,,,,,,
1932,GHCND:AGE00135039,,,,,,,,,,,,,,,,,,,,,,,,,52.0,31.0,7.0,49.0,474.6,,,,,,
1933,GHCND:AGE00135039,,,0.0,186.0,6.0,,37.0,,,,,,21.7,,,,,,,,,,,,75.0,48.0,5.0,41.0,529.3,,,,,,
1934,GHCND:AGE00135039,,,,,,,,,,,,,,,,,,,,,,,,,73.0,40.0,5.0,47.0,499.7,,,,,,
1935,GHCND:AGE00135039,,,0.0,173.0,10.0,,41.0,,,,,,21.6,,,,,,,,,,,,53.0,32.0,2.0,43.0,382.5,,,,,,
1938,GHCND:AGE00135039,,,,,,,,,,,,,,,,,,,,,,,,,48.0,31.0,2.0,44.0,360.1,,,,,,
1856,GHCND:ASN00086071,0.0,1.0,0.0,112.0,18.0,0.0,36.7,0.0,,,,14.84,19.03,10.65,386.3,386.3,,1600.8,1600.8,,,,,,135.0,88.0,2.0,73.2,756.1,,,,,,
1857,GHCND:ASN00086071,0.0,1.0,0.0,124.0,21.0,-0.3,42.9,,-0.3,,,,,,261.8,261.8,,1559.5,,,,,,,142.0,70.0,4.0,56.6,,,,,,,
1858,GHCND:ASN00056002,,,,,,,,,,,,,,,,,,,,,,,,,99.0,58.0,3.0,47.8,758.0,,,,,,
1859,GHCND:ASN00056002,,,,,,,,,,,,,,,,,,,,,,,,,106.0,60.0,6.0,50.8,834.6,,,,,,
1862,GHCND:ASN00056002,,,,,,,,,,,,,,,,,,,,,,,,,97.0,45.0,1.0,35.6,436.2,,,,,,
1858,GHCND:ASN00061035,,,,,,,,,,,,,,,,,,,,,,,,,116.0,57.0,5.0,135.1,815.4,,,,,,
1859,GHCND:ASN00061035,,,,,,,,,,,,,,,,,,,,,,,,,117.0,59.0,11.0,96.8,874.8,,,,,,
1860,GHCND:ASN00061035,,,,,,,,,,,,,,,,,,,,,,,,,143.0,81.0,9.0,39.1,951.9,,,,,,
1858,GHCND:ASN00063004,,,0.0,181.0,33.0,,37.2,,,,,,21.19,,,,,,,,,,,,,,,,,,,,,,
1860,GHCND:ASN00063004,0.0,74.0,0.0,165.0,9.0,-4.7,37.2,0.0,,,,,,,141.6,141.6,-2.2,,,,,,,,87.0,63.0,5.0,44.5,,,,,,,
1859,GHCND:ASN00058063,,,,,,,,,,,,,,,,,,,,,,,,,85.0,52.0,5.0,97.0,817.1,,,,,,
1861,GHCND:ASN00058063,,,,,,,,,,,,,,,,,,,,,,,,,136.0,90.0,14.0,119.9,1408.5,,,,,,
1861,GHCND:ASN00026020,,,,,,,,,,,,,,,,,,,,,,,,,180.0,127.0,12.0,57.2,1414.9,,,,,,
1862,GHCND:ASN00026020,,,,,,,,,,,,,,,,,,,,,,,,,168.0,96.0,3.0,31.0,834.7,,,,,,
1863,GHCND:ASN00026020,,,,,,,,,,,,,,,,,,,,,,,,,198.0,111.0,5.0,57.4,1118.2,,,,,,
1864,GHCND:ASN00026020,,,,,,,,,,,,,,,,,,,,,,,,,190.0,92.0,1.0,26.2,810.3,,,,,,
1865,GHCND:ASN00026020,,,,,,,,,,,,,,,,,,,,,,,,,180.0,92.0,3.0,44.2,835.3,,,,,,
1866,GHCND:ASN00026020,,,,,,,,,,,,,,,,,,,,,,,,,141.0,93.0,5.0,38.9,839.7,,,,,,
1867,GHCND:ASN00026020,,,,,,,,,,,,,,,,,,,,,,,,,130.0,92.0,1.0,29.2,728.9,,,,,,
1868,GHCND:ASN00026020,,,,,,,,,,,,,,,,,,,,,,,,,108.0,88.0,1.0,25.9,701.7,,,,,,
1869,GHCND:ASN00026020,,,,,,,,,,,,,,,,,,,,,,,,,126.0,86.0,1.0,25.9,624.3,,,,,,
1871,GHCND:ASN00026020,,,,,,,,,,,,,,,,,,,,,,,,,112.0,85.0,4.0,61.0,798.9,,,,,,
1873,GHCND:ASN00026020,,,,,,,,,,,,,,,,,,,,,,,,,103.0,88.0,4.0,55.4,772.3,,,,,,
1875,GHCND:ASN00026020,,,,,,,,,,,,,,,,,,,,,,,,,108.0,98.0,4.0,61.0,,,,,,,
1861,GHCND:ASN00026026,,,,,,,,,,,,,,,,,,,,,,,,,132.0,82.0,4.0,40.6,842.6,,,,,,
1864,GHCND:ASN00026026,,,,,,,,,,,,,,,,,,,,,,,,,155.0,62.0,1.0,38.4,595.0,,,,,,
1865,GHCND:ASN00026026,,,,,,,,,,,,,,,,,,,,,,,,,151.0,58.0,1.0,30.0,523.7,,,,,,
1866,GHCND:ASN00026026,,,,,,,,,,,,,,,,,,,,,,,,,137.0,72.0,0.0,25.1,634.8,,,,,,
1867,GHCND:ASN00026026,,,,,,,,,,,,,,,,,,,,,,,,,157.0,72.0,1.0,39.9,669.8,,,,,,
1869,GHCND:ASN00026026,,,,,,,,,,,,,,,,,,,,,,,,,146.0,65.0,0.0,16.5,507.3,,,,,,
1871,GHCND:ASN00026026,,,,,,,,,,,,,,,,,,,,,,,,,154.0,67.0,2.0,33.8,705.0,,,,,,
1873,GHCND:ASN00026026,,,,,,,,,,,,,,,,,,,,,,,,,110.0,52.0,1.0,39.4,534.1,,,,,,
1861,GHCND:ASN00040214,,,,,,,,,,,,,,,,,,,,,,,,,150.0,94.0,19.0,113.0,1765.9,,,,,,
1862,GHCND:ASN00040214,,,,,,,,,,,,,,,,,,,,,,,,,98.0,49.0,9.0,57.9,718.6,,,,,,
1863,GHCND:ASN00040214,,,,,,,,,,,,,,,,,,,,,,,,,147.0,92.0,21.0,138.4,1751.8,,,,,,
1870,GHCND:ASN00040214,,,,,,,,,,,,,,,,,,,,,,,,,153.0,91.0,21.0,245.1,2059.3,,,,,,
1873,GHCND:ASN00040214,,,,,,,,,,,,,,,,,,,,,,,,,138.0,87.0,19.0,104.1,,,,,,,
1862,GHCND:ASN00061055,,,,,,,,,,,,,,,,,,,,,,,,,89.0,49.0,10.0,71.1,797.0,,,,,,
1863,GHCND:ASN00021014,,,,,,,,,,,,,,,,,,,,,,,,,131.0,75.0,3.0,54.6,827.1,,,,,,
1866,GHCND:ASN00021014,,,,,,,,,,,,,,,,,,,,,,,,,80.0,51.0,3.0,38.6,611.7,,,,,,
1867,GHCND:ASN00021014,,,,,,,,,,,,,,,,,,,,,,,,,97.0,57.0,5.0,53.8,678.4,,,,,,
1868,GHCND:ASN00021014,,,,,,,,,,,,,,,,,,,,,,,,,99.0,52.0,1.0,25.4,551.1,,,,,,
1871,GHCND:ASN00021014,,,,,,,,,,,,,,,,,,,,,,,,,95.0,54.0,2.0,53.3,704.5,,,,,,
1872,GHCND:ASN00021014,,,,,,,,,,,,,,,,,,,,,,,,,91.0,53.0,3.0,61.0,714.2,,,,,,
1876,GHCND:ASN00021014,,,,,,,,,,,,,,,,,,,,,,,,,70.0,37.0,2.0,26.9,431.5,,,,,,
1877,GHCND:ASN00021014,,,,,,,,,,,,,,,,,,,,,,,,,95.0,56.0,7.0,77.0,759.8,,,,,,
1873,GHCND:ASN00021014,,,,,,,,,,,,,,,,,,,,,,,,,,,,,645.6,,,,,,
1874,GHCND:ASN00021014,,,,,,,,,,,,,,,,,,,,,,,,,,,,,712.5,,,,,,
1875,GHCND:ASN00021014,,,,,,,,,,,,,,,,,,,,,,,,,,,,,751.7,,,,,,
1864,GHCND:ASN00066062,,,,,,,,,,,,,,,378.1,378.1,,,,,,,,,159.0,104.0,17.0,,,,,,,,
1865,GHCND:ASN00066062,,,0.0,209.0,,,,,,,,,,,,,,,,,,,,,109.0,60.0,9.0,,,,,,,,
1866,GHCND:ASN00066062,0.0,0.0,,,,,,,,,,,,,,,,,,,,,,,133.0,71.0,11.0,,,,,,,,
1868,GHCND:ASN00022801,,,,,,,,,,,,,,,,,,,,,,,,,137.0,65.0,2.0,27.2,616.5,,,,,,
1869,GHCND:ASN00022801,,,,,,,,,,,,,,,,,,,,,,,,,140.0,49.0,1.0,43.2,443.4,,,,,,
1870,GHCND:ASN00022801,,,,,,,,,,,,,,,,,,,,,,,,,140.0,62.0,3.0,54.6,639.3,,,,,,
1871,GHCND:ASN00022801,,,,,,,,,,,,,,,,,,,,,,,,,171.0,73.0,3.0,59.2,788.6,,,,,,
1872,GHCND:ASN00022801,,,,,,,,,,,,,,,,,,,,,,,,,168.0,85.0,2.0,40.9,690.4,,,,,,
1874,GHCND:ASN00022801,,,,,,,,,,,,,,,,,,,,,,,,,150.0,62.0,1.0,26.2,509.8,,,,,,
1875,GHCND:ASN00022801,,,,,,,,,,,,,,,,,,,,,,,,,158.0,73.0,2.0,30.2,715.0,,,,,,
1876,GHCND:ASN00022801,,,,,,,,,,,,,,,,,,,,,,,,,125.0,50.0,0.0,24.9,429.8,,,,,,
1877,GHCND:ASN00022801,,,,,,,,,,,,,,,,,,,,,,,,,118.0,46.0,1.0,93.7,489.4,,,,,,
1868,GHCND:ASN00026005,,,,,,,,,,,,,,,,,,,,,,,,,185.0,79.0,2.0,34.3,756.6,,,,,,
1869,GHCND:ASN00026005,,,,,,,,,,,,,,,,,,,,,,,,,185.0,76.0,0.0,22.9,635.9,,,,,,
1870,GHCND:ASN00026005,,,,,,,,,,,,,,,,,,,,,,,,,203.0,91.0,3.0,50.5,870.1,,,,,,
1872,GHCND:ASN00026005,,,,,,,,,,,,,,,,,,,,,,,,,159.0,74.0,1.0,32.0,723.7,,,,,,
1874,GHCND:ASN00026005,,,,,,,,,,,,,,,,,,,,,,,,,169.0,76.0,0.0,24.9,,,,,,,
1875,GHCND:ASN00026005,,,,,,,,,,,,,,,,,,,,,,,,,195.0,87.0,1.0,65.0,862.2,,,,,,
1876,GHCND:ASN00026005,,,,,,,,,,,,,,,,,,,,,,,,,153.0,76.0,1.0,29.7,658.0,,,,,,
1870,GHCND:ASN00056207,,,,,,,,,,,,,,,,,,,,,,,,,152.0,94.0,14.0,66.3,1253.6,,,,,,
1872,GHCND:ASN00014016,,,,,,,,,,,,,,,,,,,,,,,,,113.0,80.0,18.0,95.0,1393.6,,,,,,
1873,GHCND:ASN00014016,,,,,,,,,,,,,,,,,,,,,,,,,100.0,73.0,23.0,148.1,1848.9,,,,,,
1874,GHCND:ASN00014016,,,,,,,,,,,,,,,,,,,,,,,,,87.0,74.0,16.0,88.6,1316.7,,,,,,
1875,GHCND:ASN00014016,,,,,,,,,,,,,,,,,,,,,,,,,88.0,74.0,21.0,76.7,1430.5,,,,,,
1876,GHCND:ASN00014016,,,,,,,,,,,,,,,,,,,,,,,,,83.0,71.0,21.0,100.1,1523.7,,,,,,
1877,GHCND:ASN00014016,,,,,,,,,,,,,,,,,,,,,,,,,88.0,71.0,20.0,114.0,1538.2,,,,,,
1874,GHCND:ASN00015540,,,,,,,,,,,,,,,,,,,,,,,,,35.0,22.0,2.0,45.5,234.2,,,,,,
1877,GHCND:ASN00015540,,,,,,,,,,,,,,,,,,,,,,,,,44.0,32.0,4.0,106.7,518.0,,,,,,
1878,GHCND:AGE00147707,0.0,0.0,0.0,192.0,8.0,5.0,39.8,,,,,18.64,21.37,15.91,880.7,880.7,,,,,,,,,62.0,32.0,3.0,46.2,408.3,,,,,,
1879,GHCND:AGE00147707,0.0,0.0,0.0,174.0,6.0,4.2,41.0,,,,,18.09,21.03,15.15,697.0,697.0,,748.2,748.2,,,,,,66.0,34.0,4.0,69.8,478.8,,,,,,
1878,GHCND:AGE00147713,0.0,67.0,0.0,,,,,,,,,,,,828.8,828.8,,,,,,,,,54.0,25.0,1.0,,,,,,,,
1880,GHCND:AGE00147713,0.0,30.0,0.0,169.0,46.0,,,,,,,,,,617.0,617.0,,,,,,,,,60.0,28.0,0.0,,,,,,,,
1879,GHCND:AGE00147705,,,,,,,,,,,,,,,,,,,,,,,,,67.0,49.0,8.0,45.5,609.4,,,,,,
1880,GHCND:AGE00147705,,,,,,,,,,,,,,,,,,,,,,,,,66.0,48.0,4.0,57.0,605.9,,,,,,
1881,GHCND:AGE00147705,,,,,,,,,,,,,,,,,,,,,,,,,80.0,53.0,7.0,53.4,706.7,,,,,,
1882,GHCND:AGE00147705,,,,,,,,,,,,,,,,,,,,,,,,,69.0,52.0,5.0,72.3,670.2,,,,,,
1883,GHCND:AGE00147705,,,,,,,,,,,,,,,,,,,,,,,,,82.0,63.0,11.0,47.6,847.3,,,,,,
1884,GHCND:AGE00147705,,,,,,,,,,,,,,,,,,,,,,,,,98.0,68.0,4.0,45.0,761.3,,,,,,
1885,GHCND:AGE00147705,,,,,,,,,,,,,,,,,,,,,,,,,103.0,60.0,1.0,32.5,538.2,,,,,,
1886,GHCND:AGE00147705,,,,,,,,,,,,,,,,,,,,,,,,,89.0,63.0,6.0,73.5,868.6,,,,,,
1887,GHCND:AGE00147705,0.0,0.0,0.0,191.0,30.0,2.5,40.1,,,,,18.63,22.79,14.46,953.0,953.0,,,,,,,,,108.0,67.0,11.0,65.3,993.7,,,,,,
1888,GHCND:AGE00147705,0.0,0.0,0.0,218.0,16.0,2.8,39.5,,,,,18.68,22.47,14.88,804.9,804.9,,780.8,780.8,,,,,,104.0,69.0,6.0,64.3,824.5,,,,,,
1890,GHCND:AGE00147705,,,0.0,175.0,12.0,,43.4,,,,,,21.88,,,,,,,,,,,,124.0,83.0,7.0,47.0,971.8,,,,,,
1891,GHCND:AGE00147705,,,,,,,,,,,,,,,888.5,888.5,,,,,,,,,85.0,49.0,5.0,,,,,,,,
1892,GHCND:AGE00147705,0.0,0.0,,,,,,,,,,,,,,,,,,,,,,,92.0,57.0,4.0,,,,,,,,
1893,GHCND:AGE00147705,0.0,0.0,,,,,,,,,,,,,975.8,975.8,,,,,,,,,72.0,42.0,5.0,,,,,,,,
1894,GHCND:AGE00147705,0.0,,,,,,,,,,,,,,943.7,943.7,,,,,,,,,96.0,47.0,2.0,,,,,,,,
1895,GHCND:AGE00147705,0.0,0.0,0.0,,,,,,,,,,,,1094.0,1094.0,,,,,,,,,84.0,50.0,3.0,,,,,,,,
1896,GHCND:AGE00147705,0.0,0.0,0.0,182.0,14.0,3.0,39.6,,,,,,,,828.3,828.3,,,,,,,,,104.0,59.0,8.0,54.8,,,,,,,
1897,GHCND:AGE00147705,0.0,0.0,0.0,,,,,,,,,,,,985.9,985.9,,,,,,,,,68.0,36.0,4.0,,,,,,,,
1898,GHCND:AGE00147705,0.0,0.0,0.0,,,,,,,,,,,,933.6,933.6,,,,,,,,,98.0,64.0,10.0,,,,,,,,
1899,GHCND:AGE00147705,0.0,0.0,0.0,247.0,24.0,7.5,44.2,,,,,20.41,24.34,16.48,1198.4,1198.4,,475.4,475.4,,,,,,78.0,42.0,4.0,39.3,547.3,,,,,,
1900,GHCND:AGE00147705,0.0,0.0,0.0,204.0,12.0,,,,,,,,,,,,,,,,,,,,99.0,71.0,4.0,,,,,,,,
1903,GHCND:AGE00147705,0.0,0.0,0.0,205.0,13.0,3.6,38.5,,,,,18.72,22.49,14.96,,,,,,,,,,,84.0,41.0,4.0,69.7,556.5,,,,,,
1904,GHCND:AGE00147705,0.0,0.0,0.0,219.0,18.0,5.0,39.5,,,,,19.28,23.16,15.41,1019.8,1019.8,,,,,,,,,102.0,61.0,5.0,57.5,776.1,,,,,,
1905,GHCND:AGE00147705,0.0,0.0,0.0,199.0,16.0,0.8,41.2,,,,,18.87,22.68,15.05,,,,,,,,,,,94.0,53.0,6.0,60.5,722.9,,,,,,
1906,GHCND:AGE00147705,0.0,0.0,0.0,189.0,16.0,2.2,38.5,,,,,18.55,22.36,14.74,,,,,,,,,,,103.0,56.0,6.0,50.3,770.3,,,,,,
1907,GHCND:AGE00147705,0.0,0.0,0.0,201.0,15.0,0.6,40.4,,,,,18.58,22.46,14.71,843.4,843.4,,,,,,,,,97.0,63.0,3.0,57.7,675.6,,,,,,
1908,GHCND:AGE00147705,0.0,0.0,0.0,213.0,15.0,1.5,41.6,,,,,18.98,22.84,15.12,975.4,975.4,,698.7,698.7,,,,,,105.0,70.0,9.0,58.8,902.5,,,,,,
1909,GHCND:AGE00147705,0.0,0.0,0.0,201.0,13.0,3.4,36.0,,,,,18.59,22.4,14.79,817.2,817.2,,727.6,727.6,,,,,,90.0,45.0,4.0,44.3,534.4,,,,,,
1910,GHCND:AGE00147705,0.0,0.0,0.0,,,,,,,,,,,,,,,,,,,,,,84.0,50.0,5.0,,,,,,,,
1911,GHCND:AGE00147705,0.0,0.0,,,,5.0,,,,,,,,15.45,,,,,,,,,,,95.0,59.0,4.0,132.0,667.7,,,,,,
1912,GHCND:AGE00147705,0.0,0.0,,,,5.0,,,,,,,,14.86,,,,,,,,,,,79.0,41.0,2.0,74.9,490.1,,,,,,
1914,GHCND:AGE00147705,0.0,0.0,,,,2.0,,,,,,,,14.68,,,,,,,,,,,92.0,67.0,3.0,65.2,840.1,,,,,,
1915,GHCND:AGE00147705,,,,,,,,,,,,,,,,,,,,,,,,,109.0,67.0,,,,,,,,,
1916,GHCND:AGE00147705,,,,,,,,,,,,,,,,,,,,,,,,,95.0,61.0,9.0,109.6,1004.8,,,,,,
1917,GHCND:AGE00147705,,,0.0,163.0,10.0,,39.0,,,,,,20.97,,,,,,,,,,,,92.0,61.0,9.0,44.5,826.0,,,,,,
1919,GHCND:AGE00147705,,,,,,,,,,,,,,,,,,,,,,,,,92.0,57.0,4.0,47.3,618.3,,,,,,
1920,GHCND:AGE00147705,,,,,,,,,,,,,,,,,,,,,,,,,91.0,58.0,5.0,32.6,665.5,,,,,,
1921,GHCND:AGE00147705,0.0,0.0,,,,4.0,,,,,,,,14.76,,,,,,,,,,,100.0,68.0,7.0,71.2,849.8,,,,,,
1922,GHCND:AGE00147705,,,,,,,,,,,,,,,,,,,,,,,,,77.0,43.0,4.0,41.8,474.7,,,,,,
1923,GHCND:AGE00147705,,,,,,,,,,,,,,,,,,,,,,,,,105.0,70.0,9.0,58.8,954.1,,,,,,
1924,GHCND:AGE00147705,,,0.0,207.0,12.0,,38.0,,,,,,22.24,,,,,,,,,,,,84.0,50.0,4.0,30.3,545.3,,,,,,
1927,GHCND:AGE00147705,,,,,,,,,,,,,,,,,,,,,,,,,78.0,52.0,5.0,45.3,580.6,,,,,,
1928,GHCND:AGE00147705,,,,,,,,,,,,,,,,,,,,,,,,,96.0,65.0,5.0,73.0,904.5,,,,,,
1929,GHCND:AGE00147705,,,,,,,,,,,,,,,,,,,,,,,,,89.0,58.0,8.0,57.1,804.1,,,,,,
1931,GHCND:AGE00147705,0.0,0.0,,,,3.0,,,,,,,,15.49,,,,,,,,,,,85.0,62.0,7.0,54.5,842.9,,,,,,
1932,GHCND:AGE00147705,,,,,,,,,,,,,,,,,,,,,,,,,84.0,47.0,3.0,28.8,488.9,,,,,,
1935,GHCND:AGE00147705,,,0.0,161.0,19.0,,,,,,,,,,,,,,,,,,,,91.0,55.0,10.0,,,,,,,,
1938,GHCND:AGE00147705,,,,,,,,,,,,,,,,,,,,,,,,,80.0,52.0,7.0,48.0,658.2,,,,,,
1879,GHCND:AGE00147712,,,,,,,,,,,,,,,,,,,,,,,,,53.0,,,,,,,,,,
1881,GHCND:AGE00147712,,,,,,,,,,,,,,,,,,,,,,,,,63.0,40.0,3.0,38.1,473.7,,,,,,
1901,GHCND:AGE00147712,,,,,,,,,,,,,,,,,,,,,,,,,86.0,64.0,3.0,47.7,595.9,,,,,,
1919,GHCND:AGE00147712,,,,,,,,,,,,,,,1164.8,1164.8,,,,,,,,,63.0,29.0,0.0,,,,,,,,
1880,GHCND:AGE00147708,,,,,,,,,,,,,,,,,,,,,,,,,63.0,44.0,3.0,44.0,427.5,,,,,,
1881,GHCND:AGE00147708,,,,,,,,,,,,,,,,,,,,,,,,,94.0,64.0,4.0,41.0,716.6,,,,,,
1882,GHCND:AGE00147708,,,,,,,,,,,,,,,,,,,,,,,,,62.0,48.0,4.0,60.6,661.3,,,,,,
1883,GHCND:AGE00147708,,,,,,,,,,,,,,,,,,,,,,,,,108.0,74.0,4.0,52.7,860.5,,,,,,
1884,GHCND:AGE00147708,,,,,,,,,,,,,,,,,,,,,,,,,109.0,82.0,7.0,,,,,,,,
1885,GHCND:AGE00147708,,,,,,,,,,,,,,,,,,,,,,,,,87.0,71.0,4.0,39.6,754.9,,,,,,
1886,GHCND:AGE00147708,,,,,,,,,,,,,,,,,,,,,,,,,87.0,77.0,8.0,118.0,977.9,,,,,,
1887,GHCND:AGE00147708,,,,,,,,,,,,,,,1014.6,1014.6,,,,,,,,,67.0,,,,,,,,,,
1888,GHCND:AGE00147708,,,,,,,,,,,,,,,,,,,,,,,,,84.0,,,,,,,,,,
1889,GHCND:AGE00147708,0.0,11.0,0.0,175.0,57.0,-1.0,44.0,0.0,0.0,,,16.39,22.8,9.97,,,,,,,,,,,79.0,62.0,4.0,43.0,686.4,,,,,,
1890,GHCND:AGE00147708,,,0.0,167.0,50.0,,44.0,,,,,,22.85,,,,,,,,,,,,105.0,77.0,10.0,63.7,1131.9,,,,,,
1921,GHCND:AGE00147708,,,,,,,,,,,,,,,,,,,,,,,,,103.0,69.0,13.0,65.0,1074.8,,,,,,
1922,GHCND:AGE00147708,0.0,2.0,0.0,202.0,78.0,-1.0,45.0,0.0,,,,,,,1051.8,1051.8,,,,,,,,,73.0,55.0,5.0,48.0,711.5,,,,,,
1923,GHCND:AGE00147708,0.0,3.0,0.0,,,,,,,,,,,,,,,,,,,,,,112.0,87.0,12.0,,,,,,,,
1924,GHCND:AGE00147708,0.0,1.0,0.0,202.0,85.0,,,,,,,,,,1139.8,1139.8,,,,,,,,,84.0,54.0,6.0,,,,,,,,
1926,GHCND:AGE00147708,0.0,1.0,,,,0.0,,,0.0,,,,,11.97,,,,,,,,,,,68.0,42.0,6.0,130.0,683.6,,,,,,
1932,GHCND:AGE00147708,,,0.0,198.0,60.0,,43.0,,,,,,23.88,,,,,,,,,,,,75.0,51.0,5.0,86.0,659.3,,,,,,
1934,GHCND:AGE00147708,,,0.0,195.0,64.0,,44.0,,,,,,23.43,,,,,,,,,,,,121.0,76.0,11.0,53.0,1060.4,,,,,,
2005,GHCND:AGE00147708,,,0.0,212.0,73.0,,45.0,,,,,,24.41,,,,,,,,,,,,79.0,51.0,2.0,33.0,548.0,,,,,,
2007,GHCND:AGE00147708,,,0.0,204.0,74.0,,43.4,,,,,,24.4,,,,,,,,,,,,95.0,61.0,12.0,144.0,1148.3,,,,,,
2009,GHCND:AGE00147708,,,0.0,219.0,,,,,,,,,,,,,,,,,,,,,100.0,72.0,11.0,,,,,,,,
2010,GHCND:AGE00147708,,,0.0,209.0,,,,,,,,,,,,,,,,,,,,,112.0,69.0,5.0,,,,,,,,
2011,GHCND:AGE00147708,,,0.0,225.0,,,,,,,,,,,,,,,,,,,,,96.0,59.0,5.0,,,,,,,,
2013,GHCND:AGE00147708,,,0.0,210.0,73.0,,42.5,,,,,,24.2,,,,,,,,,,,,107.0,82.0,7.0,55.1,1053.7,,,,,,
2014,GHCND:AGE00147708,,,0.0,239.0,,,,,,,,,,,,,,,,,,,,,81.0,57.0,8.0,,,,,,,,
2015,GHCND:AGE00147708,,,0.0,233.0,88.0,,44.6,,,,,,25.49,,,,,,,,,,,,74.0,51.0,4.0,50.0,695.7,,,,,,
2016,GHCND:AGE00147708,,,,,,,,,,,,,,,,,,,,,,,,,85.0,46.0,10.0,49.0,697.1,,,,,,
2017,GHCND:AGE00147708,,,,,,,,,,,,,,,,,,,,,,,,,71.0,45.0,7.0,41.9,652.0,,,,,,
2018,GHCND:AGE00147708,0.0,0.0,,,,2.0,,,,,,,,13.64,,,,,,,,,,,110.0,67.0,9.0,93.0,932.4,,,,,,
2019,GHCND:AGE00147708,0.0,0.0,,,,2.3,,,,,,,,13.7,,,,,,,,,,,104.0,57.0,7.0,96.0,723.7,,,,,,
2020,GHCND:AGE00147708,0.0,0.0,,,,3.9,,,,,,,,14.03,,,,,,,,,,,82.0,48.0,5.0,84.1,657.1,,,,,,
1925,GHCND:AGE00147708,,,,,,,,,,,,,,,,,,1252.8,1252.8,,,,,,,,,,,,,,,,
1936,GHCND:AGE00147708,,,,,,,,,,,,,,,,,,1016.9,1016.9,,,,,,,,,,,,,,,,
1880,GHCND:AGE00147709,,,,,,,,,,,,,,,,,,,,,,,,,63.0,44.0,3.0,44.0,428.4,,,,,,
1881,GHCND:AGE00147709,,,,,,,,,,,,,,,,,,,,,,,,,95.0,64.0,4.0,41.0,718.1,,,,,,
1882,GHCND:AGE00147709,,,,,,,,,,,,,,,,,,,,,,,,,62.0,48.0,4.0,60.6,662.9,,,,,,
1883,GHCND:AGE00147709,,,,,,,,,,,,,,,,,,,,,,,,,108.0,74.0,4.0,52.8,864.4,,,,,,
1885,GHCND:AGE00147709,,,,,,,,,,,,,,,,,,,,,,,,,95.0,79.0,4.0,38.2,911.0,,,,,,
1886,GHCND:AGE00147709,0.0,22.0,0.0,145.0,11.0,,,,,,,,,,451.4,451.4,,,,,,,,,110.0,86.0,15.0,,,,,,,,
1889,GHCND:AGE00147709,,,,,,,,,,,,,,,,,,,,,,,,,94.0,82.0,8.0,,,,,,,,
1921,GHCND:AGE00147709,,,,,,,,,,,,,,,,,,,,,,,,,89.0,77.0,,,,,,,,,
1925,GHCND:AGE00147709,0.0,9.0,0.0,124.0,30.0,,,,,,,,,,,,,,,,,,,,92.0,74.0,10.0,,,,,,,,
1926,GHCND:AGE00147709,,,0.0,170.0,35.0,,43.0,,,,,,20.78,,,,,,,,,,,,62.0,51.0,6.0,69.3,647.9,,,,,,
1927,GHCND:AGE00147709,,,,,,,,,,,,,,,,,,,,,,,,,85.0,70.0,12.0,67.5,1044.5,,,,,,
1928,GHCND:AGE00147709,0.0,12.0,,,,,,,,,,,,,,,,,,,,,,,108.0,79.0,17.0,,,,,,,,
1929,GHCND:AGE00147709,0.0,18.0,0.0,140.0,18.0,-2.0,,,,,,,,,,,,,,,,,,,92.0,74.0,11.0,63.0,,,,,,,
1931,GHCND:AGE00147709,,,0.0,146.0,48.0,,,,,,,,,,,,,,,,,,,,95.0,77.0,12.0,,,,,,,,
1932,GHCND:AGE00147709,,,0.0,143.0,,,,,,,,,,,,,,,,,,,,,83.0,59.0,7.0,,,,,,,,
1938,GHCND:AGE00147709,,,0.0,145.0,46.0,,42.0,,,,,,19.39,,,,,,,,,,,,84.0,62.0,7.0,40.0,745.5,,,,,,
1881,GHCND:AGE00147711,,,,,,,,,,,,,,,,,,,,,,,,,87.0,58.0,4.0,45.0,617.2,,,,,,
1882,GHCND:AGE00147711,,,,,,,,,,,,,,,,,,,,,,,,,70.0,38.0,6.0,65.0,582.5,,,,,,
1883,GHCND:AGE00147711,,,,,,,,,,,,,,,,,,,,,,,,,77.0,39.0,4.0,58.0,528.1,,,,,,
1885,GHCND:AGE00147711,,,,,,,,,,,,,,,,,,,,,,,,,81.0,,,,,,,,,,
1938,GHCND:AGE00147711,,,0.0,160.0,,,,,,,,,,,,,,,,,,,,,68.0,43.0,2.0,,,,,,,,
1892,GHCND:AG000060590,0.0,7.0,,,,-2.0,,-0.5,-1.0,,,,,13.92,,,,,,,,,,,15.0,8.0,0.0,19.0,65.7,,,,,,
1893,GHCND:AG000060590,0.0,28.0,,,,-5.0,,0.0,0.0,-4.0,-4.5,,,13.36,,,,,,,,,,,7.0,4.0,0.0,10.0,25.4,,,,,,
1895,GHCND:AG000060590,0.0,15.0,,,,-4.8,,,0.0,-2.6,-4.8,,,13.71,,,,,,,,,,,6.0,0.0,0.0,2.2,6.6,,,,,,
1896,GHCND:AG000060590,0.0,16.0,,,,-2.5,,0.0,0.0,,,,,12.29,,,-2.5,,,,,,,,7.0,4.0,0.0,11.0,23.5,,,,,,
1897,GHCND:AG000060590,0.0,18.0,,,,-4.0,,-1.0,0.0,-2.4,,,,12.77,,,,,,,,,,,5.0,4.0,1.0,95.0,123.0,,,,,,
1898,GHCND:AG000060590,0.0,32.0,,,,-3.0,,-1.0,-1.0,-3.0,,,,12.13,,,,,,,,,,,3.0,1.0,0.0,6.0,9.0,,,,,,
1941,GHCND:AG000060590,0.0,14.0,0.0,272.0,143.0,-5.1,,,,,,,,,2109.4,2109.4,,,,,,,,,10.0,6.0,0.0,,,,,,,,
1942,GHCND:AG000060590,0.0,5.0,0.0,271.0,169.0,-1.7,44.7,,0.0,,,22.63,29.52,15.74,2318.6,2318.6,,847.5,847.5,,,,,,11.0,8.0,0.0,22.0,68.0,,,,,,
1944,GHCND:AG000060590,,,,,,,,,,,,,,,2222.9,2222.9,,,,,,,,,9.0,1.0,0.0,,,,,,,,
1945,GHCND:AG000060590,0.0,10.0,,,,,,,,,,,,,2293.1,2293.1,,,,,,,,,7.0,3.0,1.0,,,,,,,,
1946,GHCND:AG000060590,,,,,,,,,,,,,,,,,,,,,,,,,7.0,4.0,0.0,19.0,52.0,,,,,,
1947,GHCND:AG000060590,0.0,13.0,0.0,295.0,164.0,-2.0,46.3,0.0,0.0,,,,,,2347.1,2347.1,,,,,,,,,0.0,0.0,0.0,0.0,,,,,,,
1950,GHCND:AG000060590,0.0,,,,,,,,,,,,,,2211.3,2211.3,,,,,,,,,6.0,4.0,0.0,,,,,,,,
1951,GHCND:AG000060590,0.0,9.0,0.0,274.0,153.0,-1.8,,,,,,,,,2211.4,2211.4,,,,,,,,,10.0,4.0,0.0,,,,,,,,
1952,GHCND:AG000060590,0.0,17.0,0.0,276.0,161.0,-3.0,,,,,,,,,2419.6,2419.6,,,,,,,,,8.0,5.0,0.0,,,,,,,,
1953,GHCND:AG000060590,,,,,,,,,,,,,,,2147.6,2147.6,,,,,,,,,13.0,8.0,1.0,,,,,,,,
1954,GHCND:AG000060590,0.0,12.0,0.0,263.0,140.0,-5.0,,,,,,,,,2047.5,2047.5,,,,,,,,,13.0,2.0,0.0,,,,,,,,
1966,GHCND:AG000060590,0.0,19.0,,,,,,,,,,,,,1972.3,1972.3,,,,,,,,,10.0,4.0,0.0,,,,,,,,
1967,GHCND:AG000060590,0.0,,,,,,,,,,,,,,1852.3,1852.3,,,,,,,,,6.0,3.0,0.0,,,,,,,,
1968,GHCND:AG000060590,0.0,,,,,,,,,,,,,,1910.7,1910.7,,,,,,,,,3.0,3.0,0.0,,,,,,,,
1969,GHCND:AG000060590,,,,,,,,,,,,,,,1891.8,1891.8,,,,,,,,,10.0,2.0,0.0,,,,,,,,
1970,GHCND:AG000060590,,,,,,,,,,,,,,,1893.0,1893.0,,,,,,,,,4.0,1.0,0.0,,,,,,,,
1971,GHCND:AG000060590,,,,,,,,,,,,,,,1809.0,1809.0,,,,,,,,,8.0,2.0,0.0,,,,,,,,
1972,GHCND:AG000060590,0.0,,,,,,,,,,,,,,1901.4,1901.4,,,,,,,,,14.0,5.0,0.0,,,,,,,,
1973,GHCND:AG000060590,0.0,21.0,0.0,246.0,169.0,-3.1,,,,,,,,,2027.2,2027.2,,,,,,,,,7.0,3.0,0.0,,,,,,,,
1974,GHCND:AG000060590,,,,,,,,,,,,,,,1767.3,1767.3,,,,,,,,,7.0,3.0,0.0,,,,,,,,
1975,GHCND:AG000060590,,,,,,,,,,,,,,,1882.3,1882.3,,,,,,,,,11.0,2.0,0.0,,,,,,,,
1976,GHCND:AG000060590,0.0,15.0,0.0,254.0,130.0,,,,,,,,,,1803.8,1803.8,,,,,,,,,11.0,3.0,0.0,,,,,,,,
1977,GHCND:AG000060590,0.0,,,,,,,,,,,,,,1980.6,1980.6,,,,,,,,,7.0,3.0,0.0,,,,,,,,
1978,GHCND:AG000060590,,,,,,,,,,,,,,,1740.6,1740.6,,,,,,,,,5.0,2.0,0.0,,,,,,,,
1982,GHCND:AG000060590,0.0,,,,,,,,,,,,,,1997.4,1997.4,,,,,,,,,9.0,1.0,0.0,,,,,,,,
1986,GHCND:AG000060590,0.0,,,,,,,,,,,,,,2010.4,2010.4,,,,,,,,,13.0,6.0,0.0,,,,,,,,
1988,GHCND:AG000060590,,,,,,,,,,,,,,,2361.9,2361.9,,,,,,,,,13.0,6.0,0.0,,,,,,,,
1989,GHCND:AG000060590,,,,,,,,,,,,,,,2162.8,2162.8,,,,,,,,,3.0,1.0,0.0,,,,,,,,
1990,GHCND:AG000060590,0.0,,,,,,,,,,,,,,2236.0,2236.0,,,,,,,,,13.0,6.0,0.0,,,,,,,,
1991,GHCND:AG000060590,,,,,,,,,,,,,,,1995.8,1995.8,,,,,,,,,10.0,1.0,,,,,,,,,
1992,GHCND:AG000060590,,,,,,,,,,,,,,,1942.9,1942.9,,,,,,,,,10.0,6.0,0.0,,,,,,,,
1993,GHCND:AG000060590,,,,,,,,,,,,,,,2267.8,2267.8,,,,,,,,,9.0,4.0,0.0,,,,,,,,
1994,GHCND:AG000060590,0.0,,,,,,,,,,,,,,2173.7,2173.7,,,,,,,,,17.0,9.0,0.0,,,,,,,,
1995,GHCND:AG000060590,,,,,,,,,,,,,,,2193.0,2193.0,,,,,,,,,15.0,3.0,0.0,,,,,,,,
1997,GHCND:AG000060590,0.0,,,,,,,,,,,,,,2249.8,2249.8,,,,,,,,,9.0,7.0,0.0,,,,,,,,
1998,GHCND:AG000060590,,,,,,,,,,,,,,,2239.9,2239.9,,,,,,,,,1.0,0.0,0.0,,,,,,,,
2006,GHCND:AG000060590,,,0.0,250.0,174.0,,47.3,,,,,,30.91,,,,,,,,,,,,12.0,4.0,0.0,14.0,38.0,,,,,,
2007,GHCND:AG000060590,,,,,,,,,,,,,,,,,,,,,,,,,0.0,0.0,0.0,0.0,0.0,,,,,,
2008,GHCND:AG000060590,0.0,17.0,,,,-2.5,,0.0,-0.7,,,,,14.48,,,-2.5,,,,,,,,8.0,4.0,1.0,27.9,44.0,,,,,,
2009,GHCND:AG000060590,,,,,,,,,,,,,,,,,,,,,,,,,10.0,6.0,0.0,20.1,73.9,,,,,,
2010,GHCND:AG000060590,,,,,,,,,,,,,,,,,,,,,,,,,3.0,0.0,0.0,1.0,2.5,,,,,,
2011,GHCND:AG000060590,,,,,,,,,,,,,,,,,,,,,,,,,8.0,3.0,0.0,7.9,19.8,,,,,,
2013,GHCND:AG000060590,,,,,,,,,,,,,,,,,,,,,,,,,8.0,3.0,1.0,27.9,56.6,,,,,,
2014,GHCND:AG000060590,,,,,,,,,,,,,,,,,,,,,,,,,8.0,3.0,1.0,37.1,49.6,,,,,,
2015,GHCND:AG000060590,,,,,,,,,,,,,,,,,,,,,,,,,5.0,1.0,0.0,3.0,7.0,,,,,,
1940,GHCND:AG000060590,0.0,15.0,0.0,277.0,151.0,-5.2,46.0,-0.2,-0.3,,,,,,2021.7,2021.7,-3.4,,,,-5.2,,,,,,,,,,,,,,
1943,GHCND:AG000060590,0.0,0.0,0.0,260.0,140.0,0.6,46.2,,,,,,,,2101.7,2101.7,,711.0,711.0,,,,,,,,,,,,,,,,
2018,GHCND:AG000060590,0.0,6.0,,,,-2.0,,0.0,-0.5,,,,,14.89,,,,,,,,,,,,,,,,,,,,,
1984,GHCND:AG000060590,,,,,,,,,,,,,,,1883.8,,,,,,,,,,,,,,,,,,,,
1948,GHCND:AG000060590,,,,,,,,,,,,,,,,,,682.8,682.8,,,,,,,,,,,,,,,,
1899,GHCND:AGE00147706,,,,,,,,,,,,,,,,,,,,,,,,,60.0,,,,,,,,,,
1903,GHCND:AGE00147706,,,,,,,,,,,,,,,,,,,,,,,,,80.0,43.0,4.0,62.0,507.8,,,,,,
1904,GHCND:AGE00147706,,,,,,,,,,,,,,,,,,,,,,,,,105.0,71.0,4.0,,,,,,,,
1905,GHCND:AGE00147706,,,,,,,,,,,,,,,,,,,,,,,,,94.0,,,,,,,,,,
1906,GHCND:AGE00147706,,,,,,,,,,,,,,,,,,,,,,,,,105.0,51.0,5.0,35.9,627.6,,,,,,
1907,GHCND:AGE00147706,,,,,,,,,,,,,,,,,,,,,,,,,94.0,59.0,4.0,,,,,,,,
1908,GHCND:AGE00147706,,,,,,,,,,,,,,,,,,,,,,,,,101.0,,,,,,,,,,
1909,GHCND:AGE00147706,,,,,,,,,,,,,,,,,,,,,,,,,85.0,,,,,,,,,,
1911,GHCND:AGE00147706,,,,,,,,,,,,,,,,,,,,,,,,,96.0,58.0,,,,,,,,,
1912,GHCND:AGE00147706,,,,,,,,,,,,,,,,,,,,,,,,,80.0,50.0,,,,,,,,,
1914,GHCND:AGE00147706,,,,,,,,,,,,,,,,,,,,,,,,,94.0,66.0,5.0,49.8,,,,,,,
1916,GHCND:AGE00147706,,,0.0,141.0,6.0,,43.0,,,,,,,,,,,,,,,,,,94.0,62.0,8.0,94.3,,,,,,,
1917,GHCND:AGE00147706,,,0.0,134.0,,,,,,,,,,,,,,,,,,,,,95.0,63.0,9.0,,,,,,,,
1919,GHCND:AGE00147706,,,0.0,137.0,6.0,,40.0,,,,,,19.34,,,,,,,,,,,,88.0,57.0,3.0,39.7,589.6,,,,,,
1920,GHCND:AGE00147706,,,0.0,156.0,16.0,,41.0,,,,,,20.32,,,,,,,,,,,,88.0,55.0,7.0,35.1,696.3,,,,,,
1901,GHCND:AJ000037850,,,,,,,,,,,,,,,,,,,,,,,,,56.0,21.0,1.0,28.3,195.8,,,,,,
1902,GHCND:AJ000037850,,,,,,,,,,,,,,,,,,,,,,,,,66.0,31.0,0.0,16.7,259.8,,,,,,
1901,GHCND:AJ000037985,,,,,,,,,,,,,,,,,,,,,,,,,97.0,57.0,12.0,91.0,989.6,,,,,,
1902,GHCND:AJ000037985,,,,,,,,,,,,,,,,,,,,,,,,,116.0,76.0,19.0,67.2,1376.3,,,,,,
1901,GHCND:AM000037801,,,,,,,,,,,,,,,,,,,,,,,,,77.0,45.0,2.0,44.7,456.9,,,,,,
1902,GHCND:AM000037801,,,,,,,,,,,,,,,,,,,,,,,,,73.0,39.0,1.0,35.0,328.0,,,,,,
2001,GHCND:AM000037801,10.0,157.0,25.0,86.0,0.0,-22.0,30.6,-0.8,-1.5,-3.0,-14.0,,,,27.7,27.7,-2.5,4328.9,,-14.0,-6.5,-14.0,-6.7,-9.0,,,,,,,,,,,
1902,GHCND:ASN00001005,,,,,,,,,,,,,,,,,,,,,,,,,54.0,36.0,13.0,82.3,766.4,,,,,,
1918,GHCND:ASN00001005,,,,,,,,,,,,,,,,,,,,,,,,,68.0,45.0,,,,,,,,,
1902,GHCND:ASN00002011,,,,,,,,,,,,,,,2689.4,2689.4,,,,,,,,,49.0,33.0,4.0,,,,,,,,
1910,GHCND:AGE00147704,0.0,0.0,,,,3.0,,,,,,,,13.88,,,,,,,,,,,96.0,74.0,3.0,38.8,779.4,,,,,,
1911,GHCND:AGE00147704,0.0,0.0,,,,3.0,,,,,,,,14.69,,,,,,,,,,,97.0,68.0,4.0,34.5,659.7,,,,,,
1912,GHCND:AGE00147704,0.0,0.0,,,,5.0,,,,,,,,14.34,,,,,,,,,,,90.0,57.0,1.0,31.6,514.9,,,,,,
1913,GHCND:AGE00147704,0.0,0.0,0.0,209.0,28.0,3.0,44.0,,,,,19.37,23.78,14.96,,,,,,,,,,,61.0,40.0,1.0,43.2,415.1,,,,,,
1914,GHCND:AGE00147704,,,,,,,,,,,,,,,,,,,,,,,,,93.0,61.0,3.0,60.0,600.8,,,,,,
1915,GHCND:AGE00147704,0.0,1.0,0.0,185.0,23.0,0.0,40.0,,0.0,,,18.08,22.29,13.87,860.0,860.0,,,,,,,,,109.0,69.0,8.0,74.2,863.0,,,,,,
1916,GHCND:AGE00147704,,,0.0,200.0,16.0,,42.0,,,,,,22.74,,,,,775.0,775.0,,,,,,77.0,60.0,7.0,44.0,696.3,,,,,,
1917,GHCND:AGE00147704,,,0.0,154.0,8.0,,39.0,,,,,,21.29,,,,,,,,,,,,80.0,68.0,6.0,51.0,726.6,,,,,,
1920,GHCND:AGE00147704,,,0.0,196.0,15.0,,43.0,,,,,,22.98,,,,,,,,,,,,58.0,54.0,6.0,88.0,654.0,,,,,,
1921,GHCND:AGE00147704,0.0,0.0,,,,4.0,,,,,,,,14.22,,,,,,,,,,,78.0,66.0,8.0,50.0,846.4,,,,,,
1922,GHCND:AGE00147704,,,,,,,,,,,,,,,,,,,,,,,,,69.0,46.0,2.0,34.6,437.0,,,,,,
1923,GHCND:AGE00147704,,,,,,,,,,,,,,,,,,,,,,,,,106.0,76.0,2.0,48.3,739.5,,,,,,
1924,GHCND:AGE00147704,,,,,,,,,,,,,,,,,,,,,,,,,76.0,59.0,3.0,43.0,629.5,,,,,,
1925,GHCND:AGE00147704,0.0,0.0,0.0,181.0,13.0,2.0,39.0,,,,,17.53,22.85,12.2,,,,,,,,,,,83.0,55.0,0.0,24.0,525.6,,,,,,
1926,GHCND:AGE00147704,,,,,,,,,,,,,,,,,,,,,,,,,61.0,39.0,3.0,49.0,443.4,,,,,,
1927,GHCND:AGE00147704,,,,,,,,,,,,,,,,,,,,,,,,,75.0,52.0,1.0,45.0,469.1,,,,,,
1928,GHCND:AGE00147704,,,,,,,,,,,,,,,,,,,,,,,,,104.0,61.0,2.0,34.1,622.1,,,,,,
1929,GHCND:AGE00147704,,,,,,,,,,,,,,,,,,,,,,,,,124.0,82.0,2.0,46.0,756.6,,,,,,
1931,GHCND:AGE00147704,,,,,,,,,,,,,,,,,,,,,,,,,88.0,65.0,6.0,64.0,714.8,,,,,,
1933,GHCND:AGE00147704,,,,,,,,,,,,,,,,,,,,,,,,,74.0,43.0,7.0,53.0,570.4,,,,,,
1934,GHCND:AGE00147704,,,0.0,181.0,10.0,,42.0,,,,,,22.06,,,,,,,,,,,,121.0,72.0,10.0,65.0,1005.3,,,,,,
1935,GHCND:AGE00147704,0.0,0.0,,,,2.0,,,,,,,,14.44,,,,,,,,,,,114.0,74.0,10.0,49.0,952.0,,,,,,
1918,GHCND:AM000037789,,,,,,,,,,,,,,,,,,,,,,,,,69.0,38.0,0.0,15.3,266.7,,,,,,
2003,GHCND:AM000037789,0.0,92.0,26.0,170.0,41.0,,,,,,,,,,713.4,713.4,,,,,,,,,109.0,58.0,1.0,,,,,,,,
1918,GHCND:AR000875850,0.0,18.0,0.0,203.0,10.0,-5.4,34.6,-1.6,-0.7,,,16.22,21.29,11.15,621.2,621.2,-2.9,1358.5,1358.5,,-5.4,,,,,,,,,,,,,,
1919,GHCND:AGE00147710,,,,,,,,,,,,,,,,,,,,,,,,,88.0,62.0,9.0,65.6,942.3,,,,,,
1927,GHCND:AGE00147715,,,,,,,,,,,,,,,,,,,,,,,,,31.0,3.0,0.0,9.6,41.2,,,,,,
1930,GHCND:AJ000037735,0.0,76.0,4.0,158.0,46.0,-11.5,37.5,-1.8,-1.9,-3.2,-5.1,,,,627.5,627.5,-2.9,,,-11.5,-4.6,,,,67.0,30.0,2.0,40.0,,,,,,,
1936,GHCND:AJ000037735,0.0,69.0,0.0,,,,,,,,,,,,670.3,670.3,,,,,,,,,71.0,29.0,1.0,,,,,,,,
1937,GHCND:AJ000037735,,,,,,,,,,,,,,,753.9,753.9,,,,,,,,,81.0,37.0,1.0,,,,,,,,
1939,GHCND:AJ000037735,,,,,,,,,,,,,,,736.4,736.4,,,,,,,,,70.0,26.0,0.0,,,,,,,,
1933,GHCND:AGE00147714,,,0.0,186.0,6.0,,39.0,,,,,,22.04,,,,,,,,,,,,57.0,38.0,1.0,34.7,369.3,,,,,,
1936,GHCND:AJ000037579,,,,,,,,,,,,,,,,,,,,,,,,,138.0,78.0,13.0,90.4,1220.9,,,,,,
1939,GHCND:AJ000037579,,,,,,,,,,,,,,,,,,,,,,,,,170.0,97.0,16.0,86.5,1376.4,,,,,,
1936,GHCND:AJ000037661,,,,,,,,,,,,,,,,,,,,,,,,,104.0,53.0,2.0,34.1,575.2,,,,,,
1937,GHCND:AJ000037661,,,,,,,,,,,,,,,,,,,,,,,,,106.0,59.0,5.0,40.0,645.5,,,,,,
1939,GHCND:AJ000037661,,,,,,,,,,,,,,,,,,,,,,,,,105.0,63.0,6.0,59.5,729.6,,,,,,
1936,GHCND:AJ000037675,,,,,,,,,,,,,,,,,,,,,,,,,133.0,64.0,1.0,34.3,501.0,,,,,,
1937,GHCND:AJ000037675,,,,,,,,,,,,,,,,,,,,,,,,,110.0,42.0,1.0,27.3,341.1,,,,,,
1939,GHCND:AJ000037675,,,,,,,,,,,,,,,,,,,,,,,,,139.0,53.0,1.0,33.2,509.7,,,,,,
1937,GHCND:AJ000037575,,,,,,,,,,,,,,,,,,,,,,,,,103.0,64.0,11.0,74.2,929.6,,,,,,
1937,GHCND:AJ000037729,,,,,,,,,,,,,,,,,,,,,,,,,134.0,69.0,2.0,27.3,653.5,,,,,,
1939,GHCND:AJ000037729,,,,,,,,,,,,,,,,,,,,,,,,,155.0,80.0,3.0,32.1,740.0,,,,,,
1948,GHCND:AJ000037729,,,,,,,,,,,,,,,,,,,,,,,,,119.0,69.0,7.0,69.5,,,,,,,
1940,GHCND:AG000060390,0.0,0.0,0.0,224.0,22.0,0.2,44.6,,,,,17.05,23.08,11.01,595.7,595.7,,,,,,,,,,,,,,,,,,,
1941,GHCND:AG000060390,0.0,0.0,0.0,214.0,24.0,0.4,45.0,,,,,17.19,23.3,11.08,649.4,649.4,,1073.8,1073.8,,,,,,,,,,,,,,,,
1943,GHCND:AG000060390,0.0,0.0,0.0,210.0,40.0,0.5,40.0,,,,,17.81,23.54,12.07,810.3,810.3,,860.4,860.4,,,,,,,,,,,,,,,,
1944,GHCND:AG000060390,0.0,3.0,0.0,212.0,20.0,-0.9,42.4,,-0.9,,,16.99,22.76,11.22,737.9,737.9,,1166.5,1166.5,,,,,,88.0,44.0,3.0,42.4,543.2,,,,,,
1946,GHCND:AG000060390,0.0,0.0,0.0,219.0,32.0,1.0,38.9,,,,,17.68,23.4,11.96,784.4,784.4,,908.6,908.6,,,,,,85.0,56.0,7.0,48.5,750.7,,,,,,
1948,GHCND:AG000060390,0.0,0.0,0.0,222.0,22.0,2.2,40.6,,,,,17.84,23.64,12.03,705.9,705.9,,872.0,872.0,,,,,,71.0,42.0,3.0,43.1,528.2,,,,,,
1949,GHCND:AG000060390,0.0,3.0,0.0,218.0,44.0,-1.4,43.2,,0.0,,,18.05,23.77,12.34,911.1,911.1,,1055.1,1055.1,,,,,,,,,,,,,,,,
1950,GHCND:AG000060390,0.0,0.0,0.0,224.0,42.0,0.8,42.7,,,,,17.92,23.64,12.2,909.7,909.7,,991.2,991.2,,,,,,89.0,66.0,4.0,39.9,692.0,,,,,,
1951,GHCND:AG000060390,0.0,0.0,0.0,206.0,21.0,0.8,38.1,,,,,17.61,23.02,12.2,748.0,748.0,,1005.8,1005.8,,,,,,,,,,,,,,,,
1952,GHCND:AG000060390,0.0,0.0,0.0,233.0,35.0,1.0,43.2,,,,,18.44,23.69,13.2,990.5,990.5,,966.1,966.1,,,,,,,,,,,,,,,,
1953,GHCND:AG000060390,0.0,5.0,0.0,225.0,15.0,-0.8,38.3,,-0.3,,,17.5,22.89,12.1,760.2,760.2,,1126.1,1126.1,,,,,,87.0,55.0,3.0,29.1,630.4,,,,,,
1954,GHCND:AG000060390,0.0,0.0,0.0,208.0,21.0,0.3,43.6,,,,,17.35,22.66,12.04,697.5,697.5,,979.2,979.2,,,,,,,,,,,,,,,,
1955,GHCND:AG000060390,0.0,0.0,0.0,243.0,36.0,0.1,43.5,,,,,18.59,24.05,,899.9,899.9,,808.5,808.5,,,,,,,,,,,,,,,,
1956,GHCND:AG000060390,0.0,2.0,0.0,190.0,26.0,0.0,43.5,,0.0,,,16.51,22.16,10.86,656.5,656.5,,1122.4,1122.4,,,,,,95.0,61.0,2.0,34.5,680.1,,,,,,
1957,GHCND:AG000060390,0.0,10.0,0.0,201.0,16.0,-1.8,41.4,,0.0,,,,,,604.1,604.1,,1204.1,,,,,,,,,,,,,,,,,
1958,GHCND:AG000060390,0.0,,,,,,,,,,,,,,754.4,754.4,,,,,,,,,87.0,59.0,7.0,,,,,,,,
1960,GHCND:AG000060390,,,,,,,,,,,,,,,675.0,675.0,,,,,,,,,85.0,,,,,,,,,,
1961,GHCND:AG000060390,0.0,1.0,0.0,239.0,32.0,-0.9,41.4,-0.9,,,,,,,775.7,775.7,,1002.8,1002.8,,,,,,69.0,40.0,4.0,68.5,477.6,,,,,,
1962,GHCND:AG000060390,0.0,0.0,0.0,203.0,26.0,0.5,39.5,,,,,,,,714.2,714.2,,978.6,978.6,,,,,,98.0,63.0,9.0,60.5,,,,,,,
1963,GHCND:AG000060390,0.0,4.0,0.0,233.0,21.0,-1.5,38.9,,-0.6,,,,,,664.0,664.0,,1159.7,,,,,,,102.0,54.0,4.0,79.1,,,,,,,
1964,GHCND:AG000060390,0.0,3.0,0.0,217.0,22.0,-0.2,38.6,,-0.1,,,17.28,23.32,11.24,719.7,719.7,,936.9,936.9,,,,,,76.0,48.0,6.0,108.0,673.1,,,,,,
1965,GHCND:AG000060390,0.0,5.0,0.0,219.0,27.0,-1.0,37.3,-0.1,-1.0,,,17.26,23.2,,705.4,705.4,,1241.7,1241.7,,,,,,,,,,,,,,,,
1966,GHCND:AG000060390,0.0,2.0,0.0,212.0,10.0,-0.5,37.0,,-0.5,,,17.22,22.98,11.47,643.9,643.9,,868.8,868.8,,,,,,,,,,,,,,,,
1967,GHCND:AG000060390,0.0,0.0,0.0,216.0,31.0,0.1,43.9,,,,,17.65,23.43,11.86,806.9,806.9,,1173.7,1173.7,,,,,,,,,,,,,,,,
1968,GHCND:AG000060390,0.0,0.0,0.0,223.0,18.0,1.2,44.2,,,,,17.64,23.41,11.86,684.9,684.9,,967.4,967.4,,,,,,75.0,46.0,8.0,39.6,582.6,,,,,,
1969,GHCND:AG000060390,0.0,2.0,0.0,211.0,12.0,-0.9,41.8,,-0.9,,,17.12,22.22,12.01,567.4,567.4,,945.9,945.9,,,,,,130.0,78.0,11.0,45.2,1006.4,,,,,,
1970,GHCND:AG000060390,0.0,1.0,0.0,212.0,19.0,0.0,42.8,,0.0,,,17.25,23.16,11.35,674.9,674.9,,1048.7,1048.7,,,,,,83.0,49.0,7.0,86.2,722.1,,,,,,
1971,GHCND:AG000060390,0.0,7.0,0.0,198.0,36.0,-0.6,43.3,,-0.3,,,16.98,22.56,11.4,738.2,738.2,,1155.6,1155.6,,,,,,92.0,50.0,5.0,136.6,711.0,,,,,,
1972,GHCND:AG000060390,0.0,0.0,0.0,202.0,6.0,0.9,41.4,,,,,16.61,21.56,11.66,467.6,467.6,,1147.5,1147.5,,,,,,114.0,77.0,9.0,91.6,1031.3,,,,,,
1973,GHCND:AG000060390,0.0,0.0,0.0,191.0,17.0,0.3,41.2,,,,,16.82,21.91,11.73,721.4,721.4,,1213.6,1213.6,,,,,,,,,,,,,,,,
1974,GHCND:AG000060390,0.0,1.0,0.0,185.0,18.0,-1.0,40.6,,-1.0,,,16.89,22.53,11.23,666.4,666.4,,1137.3,1137.3,,,,,,81.0,54.0,7.0,86.7,782.5,,,,,,
1975,GHCND:AG000060390,0.0,2.0,0.0,201.0,29.0,-0.4,39.3,,-0.3,,,16.92,22.61,11.24,681.7,681.7,,1249.7,1249.7,,,,,,92.0,60.0,4.0,42.0,711.5,,,,,,
1976,GHCND:AG000060390,0.0,2.0,0.0,185.0,19.0,0.0,38.6,,0.0,,,16.75,22.16,11.34,659.7,659.7,,1211.6,1211.6,,,,,,,,,,,,,,,,
1977,GHCND:AG000060390,0.0,0.0,0.0,239.0,8.0,0.4,37.5,,,,,17.21,23.27,11.14,546.6,546.6,,1074.9,1074.9,,,,,,74.0,39.0,5.0,48.5,496.4,,,,,,
1978,GHCND:AG000060390,0.0,1.0,0.0,218.0,18.0,0.0,40.8,,0.0,,,16.83,22.87,10.79,563.6,563.6,,990.4,990.4,,,,,,76.0,49.0,6.0,93.3,717.5,,,,,,
1979,GHCND:AG000060390,0.0,0.0,0.0,202.0,26.0,0.6,44.0,,,,,17.19,22.83,11.55,710.5,710.5,,1043.6,1043.6,,,,,,,,,,,,,,,,
1980,GHCND:AG000060390,0.0,3.0,0.0,205.0,24.0,-2.3,44.7,-0.6,,,,16.96,22.72,,655.1,655.1,-2.3,1181.2,1181.2,,,,,,93.0,53.0,9.0,39.3,729.6,,,,,,
1982,GHCND:AG000060390,0.0,0.0,0.0,199.0,31.0,1.3,42.0,,,,,17.66,22.94,12.37,850.1,850.1,,949.4,949.4,,,,,,104.0,65.0,7.0,44.3,873.2,,,,,,
1983,GHCND:AG000060390,0.0,5.0,0.0,240.0,27.0,-1.5,41.5,,0.0,,,17.77,23.86,11.69,849.1,849.1,,1176.0,1176.0,,,,,,52.0,29.0,2.0,46.9,332.8,,,,,,
1984,GHCND:AG000060390,0.0,0.0,0.0,201.0,21.0,0.4,42.9,,,,,16.86,22.43,11.29,614.7,614.7,,1071.4,1071.4,,,,,,94.0,67.0,8.0,115.2,884.4,,,,,,
1985,GHCND:AG000060390,0.0,2.0,0.0,218.0,18.0,-3.3,41.7,,-2.0,-3.3,,17.65,23.38,,791.7,791.7,,1093.8,1093.8,,,,,,87.0,61.0,5.0,45.1,706.8,,,,,,
1986,GHCND:AG000060390,0.0,0.0,0.0,215.0,44.0,0.5,43.2,,,,,17.81,23.5,12.12,893.4,893.4,,1010.2,1010.2,,,,,,97.0,53.0,8.0,57.1,746.4,,,,,,
1987,GHCND:AG000060390,0.0,2.0,0.0,234.0,36.0,-1.0,42.4,,-1.0,,,18.64,24.12,13.16,1036.7,1036.7,,986.2,986.2,,,,,,75.0,38.0,3.0,44.0,486.9,,,,,,
1988,GHCND:AG000060390,0.0,2.0,0.0,231.0,29.0,-1.9,47.5,,-1.9,,,18.13,23.8,12.45,906.6,906.6,,903.0,903.0,,,,,,83.0,54.0,5.0,44.9,577.3,,,,,,
1989,GHCND:AG000060390,0.0,1.0,0.0,243.0,56.0,-0.4,41.8,,-0.4,,,18.86,24.76,12.96,996.9,996.9,,984.8,984.8,,,,,,66.0,32.0,1.0,30.4,319.8,,,,,,
1990,GHCND:AG000060390,0.0,0.0,0.0,234.0,45.0,0.2,37.4,,,,,18.58,24.24,12.92,974.5,974.5,,659.6,659.6,,,,,,87.0,45.0,1.0,41.5,452.2,,,,,,
1991,GHCND:AG000060390,0.0,5.0,0.0,196.0,57.0,-1.1,40.5,-0.2,-0.2,,,17.3,23.23,11.37,871.3,871.3,,1181.9,1181.9,,,,,,86.0,44.0,3.0,36.2,431.1,,,,,,
1992,GHCND:AG000060390,0.0,4.0,0.0,219.0,24.0,-1.6,39.5,,-1.6,,,17.33,23.21,11.45,729.9,729.9,,1204.0,1204.0,,,,,,84.0,47.0,8.0,92.5,755.8,,,,,,
1993,GHCND:AG000060390,0.0,1.0,0.0,207.0,23.0,-0.3,38.4,,-0.3,,,17.51,23.15,11.88,819.6,819.6,,1063.3,1063.3,,,,,,82.0,43.0,2.0,37.0,489.8,,,,,,
1994,GHCND:AG000060390,0.0,0.0,0.0,242.0,56.0,0.8,42.0,,,,,18.56,24.6,12.53,1045.8,1045.8,,975.4,975.4,,,,,,66.0,39.0,4.0,50.3,456.8,,,,,,
1995,GHCND:AG000060390,0.0,3.0,0.0,239.0,27.0,-0.8,40.3,,-0.8,,,18.04,24.14,11.94,825.3,825.3,,995.6,995.6,,,,,,74.0,40.0,4.0,40.7,551.7,,,,,,
1996,GHCND:AG000060390,0.0,2.0,0.0,228.0,21.0,-1.9,45.2,-1.9,-1.4,,,17.53,23.05,,645.0,645.0,,825.1,825.1,,,,,,99.0,59.0,6.0,64.9,801.8,,,,,,
1997,GHCND:AG000060390,0.0,0.0,0.0,231.0,20.0,0.3,38.6,,,,,18.33,24.13,12.54,907.0,907.0,,944.2,944.2,,,,,,80.0,44.0,5.0,52.9,546.6,,,,,,
1998,GHCND:AG000060390,0.0,4.0,0.0,220.0,30.0,-1.3,40.2,,-0.4,,,17.62,23.76,11.48,763.8,763.8,,906.9,906.9,,,,,,78.0,47.0,6.0,48.7,609.3,,,,,,
1942,GHCND:AG000060390,0.0,1.0,,,,-1.2,,,-1.2,,,,,11.71,,,,,,,,,,,,,,,,,,,,,
1945,GHCND:AG000060390,0.0,1.0,0.0,232.0,31.0,-0.4,44.4,,-0.4,,,18.13,24.09,12.18,,,,,,,,,,,57.0,39.0,5.0,54.6,470.4,,,,,,
1947,GHCND:AG000060390,0.0,0.0,0.0,245.0,32.0,0.7,39.7,,,,,18.59,24.06,13.13,,,,,,,,,,,,,,,,,,,,,
2004,GHCND:AG000060390,,,,,,,,,,,,,,,,,,,,,,,,,84.0,51.0,8.0,47.0,642.8,,,,,,
2005,GHCND:AG000060390,,,,,,,,,,,,,,,,,,,,,,,,,77.0,43.0,4.0,48.0,547.9,,,,,,
2006,GHCND:AG000060390,,,,,,,,,,,,,,,,,,,,,,,,,67.0,42.0,4.0,61.0,565.1,,,,,,
2007,GHCND:AG000060390,,,,,,,,,,,,,,,,,,,,,,,,,89.0,57.0,6.0,66.0,762.0,,,,,,
2008,GHCND:AG000060390,,,,,,,,,,,,,,,,,,,,,,,,,83.0,46.0,1.0,26.9,498.4,,,,,,
2009,GHCND:AG000060390,,,,,,,,,,,,,,,,,,,,,,,,,90.0,55.0,1.0,30.0,606.7,,,,,,
2010,GHCND:AG000060390,,,,,,,,,,,,,,,,,,,,,,,,,98.0,53.0,5.0,53.1,575.3,,,,,,
2011,GHCND:AG000060390,,,,,,,,,,,,,,,,,,,,,,,,,84.0,54.0,4.0,48.0,683.3,,,,,,
2012,GHCND:AG000060390,,,,,,,,,,,,,,,,,,,,,,,,,84.0,57.0,8.0,70.1,836.6,,,,,,
2013,GHCND:AG000060390,,,,,,,,,,,,,,,,,,,,,,,,,105.0,68.0,6.0,116.1,884.6,,,,,,
2014,GHCND:AG000060390,,,,,,,,,,,,,,,,,,,,,,,,,82.0,43.0,4.0,36.1,551.3,,,,,,
2015,GHCND:AG000060390,,,,,,,,,,,,,,,,,,,,,,,,,71.0,37.0,3.0,42.9,438.7,,,,,,
1945,GHCND:AE000041196,,,,,,,,,,,,,,,,,,78.8,78.8,,,,,,,,,,,,,,,,
1957,GHCND:AE000041196,0.0,0.0,0.0,343.0,172.0,7.8,43.3,,,,,25.68,31.14,20.21,2633.5,2633.5,,50.3,50.3,,,,,,,,,,,,,,,,
1958,GHCND:AE000041196,0.0,0.0,0.0,357.0,197.0,9.4,43.9,,,,,26.03,31.79,20.27,2814.6,2814.6,,41.7,41.7,,,,,,,,,,,,,,,,
1961,GHCND:AE000041196,,,,,,,,,,,,,,,,,,16.1,16.1,,,,,,,,,,,,,,,,
1955,GHCND:AE000041196,0.0,0.0,0.0,361.0,188.0,9.4,45.0,,,,,26.02,31.79,20.25,2750.3,2750.3,,,,,,,,,,,,,,,,,,,
1960,GHCND:AE000041196,0.0,0.0,0.0,363.0,189.0,9.4,43.9,,,,,25.92,31.69,20.15,2779.1,2779.1,,,,,,,,,,,,,,,,,,,
1956,GHCND:AE000041196,,,0.0,364.0,178.0,,45.0,,,,,,31.81,,,,,,,,,,,,,,,,,,,,,,
1979,GHCND:AE000041196,,,0.0,328.0,207.0,,48.0,,,,,,35.01,,,,,,,,,,,,,,,,,,,,,,
1980,GHCND:AE000041196,,,0.0,332.0,209.0,,48.0,,,,,,34.79,,,,,,,,,,,,,,,,,,,,,,
1987,GHCND:AE000041196,,,0.0,327.0,198.0,,46.1,,,,,,34.11,,,,,,,,,,,,,,,,,,,,,,
2012,GHCND:AE000041196,,,0.0,346.0,226.0,,49.3,,,,,,35.58,,,,,,,,,,,,,,,,,,,,,,
1946,GHCND:AG000060680,,,,,,,,,,,,,,,1579.8,,,,,,,,,,,,,,,,,,,,
1949,GHCND:AG000060680,0.0,6.0,0.0,323.0,118.0,-3.1,37.0,,-0.7,,,,,,1578.8,1578.8,,,,,,,,,,,,,,,,,,,
1959,GHCND:AG000060680,0.0,1.0,0.0,319.0,127.0,,,,,,,,,,1743.8,1743.8,,,,,,,,,6.0,2.0,0.0,,,,,,,,
2002,GHCND:AG000060680,,,0.0,303.0,138.0,,38.5,,,,,,29.47,,,,,,,,,,,,,,,,,,,,,,
2004,GHCND:AG000060680,,,,,,,,,,,,,,,,,,,,,,,,,12.0,5.0,0.0,6.1,28.5,,,,,,
1958,GHCND:ACW00011647,,,,,,,,,,,,,,,,,,,,,,,,,,,,,,0.0,0.0,0.0,0.0,0.0,
1959,GHCND:ACW00011647,,,,,,,,,,,,,,,,,,,,,,,,,195.0,98.0,7.0,109.0,1115.5,0.0,0.0,0.0,0.0,0.0,
1960,GHCND:ACW00011647,,,,,,,,,,,,,,,,,,,,,,,,,198.0,85.0,4.0,57.4,856.1,0.0,0.0,0.0,0.0,0.0,
1961,GHCND:ACW00011647,,,,,,,,,,,,,,,,,,,,,,,,,,,,,,0.0,0.0,0.0,0.0,0.0,1.0
1962,GHCND:ACW00011647,,,,,,,,,,,,,,,,,,,,,,,,,191.0,92.0,9.0,103.1,1122.3,0.0,0.0,0.0,0.0,0.0,
1963,GHCND:ACW00011647,,,,,,,,,,,,,,,,,,,,,,,,,196.0,76.0,12.0,68.6,1107.5,0.0,0.0,0.0,0.0,0.0,
1965,GHCND:ACW00011647,,,,,,,,,,,,,,,,,,,,,,,,,185.0,62.0,9.0,85.6,913.0,0.0,0.0,0.0,0.0,0.0,
1967,GHCND:ACW00011647,,,,,,,,,,,,,,,,,,,,,,,,,,,,,,0.0,0.0,0.0,0.0,0.0,
1966,GHCND:ACW00011647,,,,,,,,,,,,,,,,,,,,,,,,,,,,,,,0.0,,0.0,0.0,
1964,GHCND:ACW00011647,,,,,,,,,,,,,,,,,,,,,,,,,199.0,70.0,6.0,61.7,849.2,,,,,,
1959,GHCND:AG000060611,,,,,,,,,,,,,,,,,,,,,,,,,1.0,0.0,0.0,1.0,1.0,,,,,,
1979,GHCND:AG000060611,0.0,,,,,,,,,,,,,,2043.5,2043.5,,,,,,,,,4.0,2.0,0.0,,,,,,,,
2005,GHCND:AG000060611,,,,,,,,,,,,,,,,,,,,,,,,,17.0,8.0,0.0,18.0,72.5,,,,,,
2007,GHCND:AG000060611,,,,,,,,,,,,,,,,,,,,,,,,,7.0,2.0,0.0,15.0,32.9,,,,,,
2008,GHCND:AG000060611,,,,,,,,,,,,,,,,,,,,,,,,,6.0,4.0,0.0,,,,,,,,
2009,GHCND:AG000060611,,,,,,,,,,,,,,,,,,,,,,,,,7.0,2.0,0.0,3.0,11.3,,,,,,
2010,GHCND:AG000060611,,,,,,,,,,,,,,,,,,,,,,,,,3.0,1.0,0.0,5.1,6.4,,,,,,
2011,GHCND:AG000060611,,,,,,,,,,,,,,,,,,,,,,,,,8.0,7.0,0.0,14.0,41.3,,,,,,
2012,GHCND:AG000060611,,,,,,,,,,,,,,,,,,,,,,,,,4.0,1.0,0.0,5.1,9.6,,,,,,
2013,GHCND:AG000060611,,,,,,,,,,,,,,,,,,,,,,,,,6.0,1.0,0.0,5.1,8.7,,,,,,
2014,GHCND:AG000060611,,,,,,,,,,,,,,,,,,,,,,,,,3.0,1.0,0.0,4.1,4.7,,,,,,
2015,GHCND:AG000060611,,,,,,,,,,,,,,,,,,,,,,,,,7.0,4.0,0.0,23.9,49.0,,,,,,
2018,GHCND:AG000060611,0.0,0.0,,,,0.2,,,,,,,,16.52,,,,,,,,,,,,,,,,,,,,,
1983,GHCND:AEM00041194,,,0.0,315.0,180.0,,47.0,,,,,,32.15,,,,,,,,,,,,,,,,,,,,,,
1984,GHCND:AEM00041194,,,0.0,333.0,204.0,,46.5,,,,,,33.36,,,,,,,,,,,,,,,,,,,,,,
1985,GHCND:AEM00041194,,,0.0,333.0,188.0,,45.7,,,,,,33.31,,,,,,,,,,,,,,,,,,,,,,
2004,GHCND:AEM00041194,,,,,,,,,,,,,,,,,,,,,,,,,5.0,4.0,0.0,22.9,58.7,,,,,,
2006,GHCND:AEM00041194,,,,,,,,,,,,,,,,,,,,,,,,,18.0,7.0,1.0,45.0,103.7,,,,,,
2010,GHCND:AEM00041194,,,,,,,,,,,,,,,,,,,,,,,,,11.0,5.0,1.0,80.0,122.7,,,,,,
2011,GHCND:AEM00041194,,,,,,,,,,,,,,,,,,,,,,,,,10.0,2.0,0.0,16.0,25.6,,,,,,
2012,GHCND:AEM00041194,,,,,,,,,,,,,,,,,,,,,,,,,12.0,2.0,1.0,42.2,52.2,,,,,,
2014,GHCND:AEM00041194,,,,,,,,,,,,,,,,,,,,,,,,,17.0,5.0,0.0,15.7,59.3,,,,,,
2019,GHCND:AEM00041194,,,,,,,,,,,,,,,,,,,,,,,,,21.0,8.0,0.0,21.8,73.8,,,,,,
2020,GHCND:AEM00041194,,,,,,,,,,,,,,,,,,,,,,,,,15.0,8.0,3.0,41.9,150.9,,,,,,
1996,GHCND:AEM00041218,,,0.0,339.0,218.0,,48.5,,,,,,35.93,,,,,,,,,,,,,,,,,,,,,,
2006,GHCND:AEM00041218,,,0.0,335.0,231.0,,48.0,,,,,,36.2,,,,,,,,,,,,,,,,,,,,,,
2008,GHCND:AEM00041218,,,0.0,330.0,247.0,,49.0,,,,,,36.28,,,,,,,,,,,,,,,,,,,,,,
2009,GHCND:AEM00041218,,,0.0,329.0,234.0,,49.3,,,,,,36.63,,,,,,,,,,,,,,,,,,,,,,
2012,GHCND:AEM00041218,,,0.0,339.0,224.0,,48.6,,,,,,35.99,,,,,,,,,,,,,,,,,,,,,,
1999,GHCND:AJ000037989,0.0,0.0,0.0,162.0,7.0,0.1,34.9,,,,,16.02,19.61,12.42,783.4,783.4,,1560.7,1560.7,,,,,,,,,,,,,,,,
2000,GHCND:AJ000037989,0.0,6.0,0.0,158.0,10.0,-1.6,39.4,,-0.3,,,15.77,19.18,12.36,826.5,826.5,,1716.8,1716.8,,,,,,,,,,,,,,,,
1999,GHCND:ALE00100939,,,0.0,187.0,35.0,,41.4,,,,,,21.49,,,,,,,,,,,,,,,,,,,,,,
2000,GHCND:ALE00100939,,,0.0,194.0,18.0,,37.5,,,,,,21.34,,,,,,,,,,,,,,,,,,,,,,
1999,GHCND:ALE00108905,,,0.0,188.0,68.0,,,,,,,,,,,,,,,,,,,,119.0,91.0,24.0,,,,,,,,
2000,GHCND:ALE00108905,,,0.0,185.0,,,,,,,,,,,,,,,,,,,,,98.0,70.0,23.0,,,,,,,,
2001,GHCND:AM000037781,,,184.0,0.0,0.0,,18.8,,,,,,1.48,,,,,,,,,,,,,,,,,,,,,,
2003,GHCND:AM000037781,,,176.0,0.0,0.0,,19.5,,,,,,1.05,,,,,,,,,,,,,,,,,,,,,,
2002,GHCND:AGM00060550,,,0.0,174.0,57.0,,38.1,,,,,,21.67,,,,,,,,,,,,,,,,,,,,,,
2003,GHCND:AGM00060550,,,1.0,168.0,65.0,,38.5,,,,,,21.17,,,,,,,,,,,,,,,,,,,,,,
2002,GHCND:AGM00060560,0.0,25.0,,,,-6.1,,-1.7,-0.8,-3.4,-6.1,,,10.7,,,,,,,,,,,,,,,,,,,,,
2002,GHCND:AGM00060602,0.0,1.0,,,,0.0,,0.0,,,,,,18.1,,,,,,,,,,,,,,,,,,,,,
2002,GHCND:AGM00060630,0.0,0.0,,,,,,,,,,,,,,,,,,,,,,,,,,,,,,,,,
2003,GHCND:AGM00060507,,,0.0,196.0,108.0,,44.8,,,,,,24.88,,,,,,,,,,,,,,,,,,,,,,
2004,GHCND:AGE00147718,,,,,,,,,,,,,,,,,,,,,,,,,31.0,19.0,3.0,55.9,303.9,,,,,,
2004,GHCND:AGM00060351,,,,,,,,,,,,,,,,,,,,,,,,,118.0,80.0,9.0,56.9,1092.2,,,,,,
2016,GHCND:AGM00060351,,,,,,,,,,,,,,,,,,,,,,,,,93.0,55.0,10.0,67.1,919.9,,,,,,
2017,GHCND:AGM00060351,,,,,,,,,,,,,,,,,,,,,,,,,91.0,63.0,11.0,47.0,963.3,,,,,,
2005,GHCND:AGE00147716,0.0,0.0,,,,,,,,,,,,,,,,,,,,,,,50.0,30.0,2.0,,,,,,,,
2016,GHCND:AGE00147716,0.0,1.0,,,,0.0,,,0.0,,,,,15.74,,,,566.1,566.1,,,,,,61.0,35.0,0.0,20.1,253.2,,,,,,
2017,GHCND:AGE00147716,,,,,,,,,,,,,,,,,,,,,,,,,40.0,19.0,2.0,40.9,217.0,,,,,,
2018,GHCND:AGE00147716,0.0,0.0,,,,5.7,,,,,,,,,,,,,,,,,,,77.0,41.0,2.0,,,,,,,,
2019,GHCND:AGE00147716,0.0,0.0,,,,3.1,,,,,,,,15.26,,,,,,,,,,,48.0,21.0,1.0,33.0,247.3,,,,,,
2020,GHCND:AGE00147716,0.0,0.0,,,,4.5,,,,,,,,15.89,,,,,,,,,,,35.0,11.0,2.0,39.9,190.6,,,,,,
2016,GHCND:AGM00060355,,,,,,,,,,,,,,,,,,,,,,,,,92.0,43.0,3.0,,,,,,,,
2017,GHCND:AGM00060355,0.0,0.0,,,,4.3,,,,,,,,15.7,,,,,,,,,,,92.0,53.0,6.0,48.0,714.7,,,,,,
2017,GHCND:AGM00060360,,,,,,,,,,,,,,,,,,,,,,,,,91.0,,,,,,,,,,
2021,GHCND:AGM00060360,,,,,,,,,,,,,,,,,,,,,,,,,87.0,45.0,3.0,37.1,529.3,,,,,,
2019,GHCND:AGE00147719,,,,,,,,,,,,,,,,,,,,,,,,,33.0,16.0,,,,,,,,,
2020,GHCND:AGE00147719,,,,,,,,,,,,,,,,,,,,,,,,,24.0,10.0,,,,,,,,,
2021,GHCND:AGE00147719,,,,,,,,,,,,,,,,,,,,,,,,,26.0,10.0,0.0,18.0,102.4,,,,,,
2021,GHCND:AGM00060402,,,,,,,,,,,,,,,,,,,,,,,,,94.0,53.0,3.0,54.1,605.9,,,,,,
2021,GHCND:AGM00060425,,,,,,,,,,,,,,,,,,,,,,,,,68.0,35.0,1.0,53.1,373.9,,,,,,
2021,GHCND:AGM00060452,0.0,0.0,,,,,,,,,,,,,,,,,,,,,,,59.0,25.0,1.0,,,,,,,,
